zipCode,count
19348,22
94558,44
48076,4
36874,4
92301,16
17067,2
48047,24
15090,12
28216,22
64836,14
94589,2
33544,22
85746,20
77873,2
85749,4
55126,20
93301,4
76705,22
7027,8
18447,2
T7X 4M4,2
38305,8
58854,6
54701,28
47025,14
48420,6
91709,14
66209,18
27540,28
77459,38
30104,4
34239,4
52722,44
75110,12
37086,22
46714,18
85629,32
46142,28
32174,20
29020,8
21128,18
37174,30
95610,20
16137,6
33559,6
72011,4
84015,24
34761,24
76009,18
43605,6
49028,2
34744,24
34240,12
35216,22
29621,22
32225,16
62526,16
98375,14
28306,14
41049,4
96001,4
64098,4
43223,16
85204,10
27520,30
30607,4
37922,34
46517,10
43015,52
29710,36
34202,24
57701,46
85226,18
0,138
62864,18
40207,28
32724,10
53718,8
37015,16
30009,2
27606,26
33578,16
76036,18
46012,16
85140,22
55318,16
78249,22
75254,6
29642,30
46143,42
29671,16
1507,6
37312,24
52001,20
89084,28
95667,28
46074,50
83864,22
34116,6
33647,34
95843,28
8050,22
45044,26
7801,2
43614,20
23060,36
60548,8
22408,4
33469,4
65251,2
90280,4
29205,10
46360,36
43207,36
33917,10
98629,4
59101,24
16105,10
29680,28
60450,28
37996,2
37617,6
20132,6
23227,2
78130,52
99504,22
29501,20
64114,20
15236,16
35903,2
76052,10
36303,2
40475,26
62633,4
33778,10
72143,18
48073,6
31904,26
30012,2
28075,16
30067,20
46280,6
78254,40
28734,24
62702,14
85710,18
46368,34
85031,4
77041,2
83263,4
78570,2
99577,32
49341,30
27613,14
30043,40
21090,12
24153,24
25704,4
57223,4
46809,12
84121,14
82636,4
98019,14
44236,24
37129,44
76107,10
97123,30
44857,10
48038,20
71744,2
23139,38
80634,46
53220,28
78025,2
75041,8
23602,12
81501,28
28078,42
40351,16
74075,12
63028,30
81507,10
78227,36
32780,22
83442,4
37110,10
19904,20
44663,24
57212,2
14086,20
80104,6
62538,2
V3X 3K4,2
68769,4
32082,42
86301,18
19333,4
95630,34
95337,18
94706,8
80220,18
78229,18
73072,18
43611,12
37018,4
37167,28
66044,8
75002,38
78155,40
55024,36
43112,12
61611,46
29644,12
67042,12
85128,4
29036,8
27614,36
1056,12
45133,20
60506,26
72007,4
15227,10
97201,18
52601,28
11570,2
48843,46
58078,20
60002,26
76048,26
60026,14
84401,20
46250,6
60404,22
46001,8
78224,16
77521,8
30062,44
63117,12
46236,16
V2V 7V5,2
27408,16
54837,6
53027,22
35055,8
51401,6
45320,14
34994,10
24502,30
34223,18
55812,12
49093,16
45371,18
77355,8
60561,10
52402,18
28112,22
75093,18
98270,28
53066,22
29615,20
80906,30
48371,18
84653,4
48161,10
76234,14
59405,26
56303,14
59901,44
78665,28
44406,16
78628,8
29577,22
29070,6
29229,24
16001,30
98007,16
35180,6
8809,4
98033,4
98168,2
98037,12
28262,28
85122,62
87505,20
85037,8
30110,12
53225,8
77095,8
84129,16
83686,48
80027,18
78613,42
60544,28
67851,6
75024,36
46795,6
34695,6
43302,38
27527,10
95632,12
37067,10
95691,24
43933,2
43783,6
17870,10
45440,22
47240,14
48307,24
33431,2
62959,28
35058,12
55379,50
85032,46
48416,4
43065,40
30041,46
48210,4
29732,32
28401,10
33569,24
15101,14
78209,28
95401,10
20636,2
61615,28
34637,8
3038,20
31088,42
61329,2
83634,26
43537,16
45377,18
85378,6
53597,12
77060,2
49201,24
92677,12
30025,2
84790,38
61542,2
80516,6
78750,20
76511,2
29906,6
7080,18
27403,14
44255,4
34772,14
93230,20
27529,26
32038,4
79922,2
38671,4
84152,2
89521,32
46805,10
73159,20
95975,2
89803,2
30102,24
78148,18
29673,20
66061,52
76706,10
89117,24
22603,6
3079,18
61554,14
76033,8
48195,14
40065,10
76208,14
98023,28
98030,4
90505,4
99654,40
42141,20
46062,26
76522,34
98008,14
60194,16
30040,36
85715,14
8857,6
80113,18
84109,20
98580,10
37708,4
30078,12
30008,10
78681,18
37745,10
32708,30
42001,20
98029,30
19406,6
98105,14
30290,6
47834,12
46571,2
77379,32
24127,2
43326,16
72018,2
48309,16
78745,22
V1Z 1M9,2
45153,2
49330,8
35226,30
79424,38
28277,94
27295,28
92336,56
69361,20
32825,16
50021,16
76177,10
15120,6
27341,4
55123,24
47904,6
85345,40
45429,24
8807,34
85339,36
66442,34
43701,38
27502,32
78221,8
27019,6
46307,26
30809,60
74804,10
80023,18
77845,24
15065,8
49415,4
49256,2
55423,22
44134,18
81650,8
35186,4
91701,8
97005,16
55434,20
48382,18
77433,44
32619,2
93312,46
45321,2
77868,4
43074,18
80234,12
33928,12
65721,16
68154,18
49085,10
77386,32
27516,26
28601,46
45140,46
6418,6
32256,16
49083,10
30906,6
71913,20
45814,4
L5A 1E1,2
59255,4
34743,12
47119,10
15143,14
78140,2
45324,34
8031,10
43138,20
27596,12
8054,26
78261,12
32301,12
92585,4
29657,14
28227,22
30907,32
60047,32
32571,8
68417,2
29690,18
48044,34
57039,4
78861,10
45385,38
82070,20
20148,22
85004,4
35401,16
78218,22
43230,28
27106,24
44685,16
17318,2
91367,8
97034,4
27615,22
84095,30
50677,6
53142,18
37806,4
95120,6
73013,26
98038,30
64119,22
36526,16
74015,14
85641,24
37075,30
6340,8
48450,4
99502,12
46226,6
30215,18
49401,22
66223,24
75032,26
92543,12
95971,2
72204,4
68127,14
8534,14
59401,6
37352,2
34110,18
78154,30
80112,28
51546,2
89436,18
80016,44
76543,14
40509,22
99228,2
50158,28
47302,18
29801,14
60139,14
45414,26
46176,36
78114,8
48230,10
97501,22
45150,30
43623,18
40404,2
83401,62
32421,2
33558,24
15206,4
28105,16
66046,6
95367,22
94131,10
23666,12
60053,2
60411,2
75104,14
34229,4
73116,4
20657,18
62208,12
46901,32
60410,14
77803,12
40391,18
78232,26
85012,6
48428,8
75072,32
95682,34
98632,64
T2X 3M9,2
31909,22
34659,2
42240,12
84032,18
29681,42
53227,12
64153,6
80504,34
63368,22
22901,6
87401,18
46203,18
63129,38
23608,2
33810,12
32227,2
29842,2
95642,12
55444,12
37763,16
85373,12
98604,20
42701,54
T8H 1W4,2
28465,4
44691,24
78216,30
15629,2
18517,2
92882,26
33437,6
27530,10
53149,6
28468,2
55364,26
28269,32
44805,24
43040,24
60148,28
77840,32
45431,22
34231,20
32244,24
40217,10
30157,36
33629,6
T1X 0Y7,2
40508,8
98053,16
89085,4
94563,18
95655,4
28117,36
98052,72
22025,2
77441,6
95959,8
78737,4
45224,14
80224,16
32011,12
85022,42
27513,24
21921,22
95492,22
80524,30
42206,6
44130,46
30501,10
44001,20
33540,2
76272,4
60124,6
10027,2
85202,30
46797,6
49525,12
78260,24
95677,20
78653,18
36879,2
46745,4
68164,18
55901,36
8824,4
28027,60
89129,38
36535,38
92704,10
49002,4
29550,18
59404,26
29334,12
29150,14
97478,18
50107,2
84660,22
92344,6
32837,24
23456,36
55555,86
94598,12
55311,30
27103,20
35501,6
33954,20
44092,10
98264,22
27707,18
99161,2
89015,28
8751,2
60051,12
15044,18
55112,30
56601,36
58202,2
17362,2
28025,30
30680,36
80231,32
28570,22
30220,4
23513,6
78250,74
52003,2
92223,12
48507,8
43078,24
83651,34
84025,24
52803,8
44107,28
42501,4
62012,6
94903,10
40218,16
87506,4
45342,42
35763,26
87105,12
44203,26
79821,2
87120,26
92583,22
8558,6
11772,4
84040,18
49418,26
41005,18
L7L 3W5,2
30066,40
84414,28
89081,20
59718,58
92507,16
64506,14
75640,4
55448,12
33563,22
40503,32
79416,18
85353,22
28327,22
37686,10
33570,6
80226,24
80013,40
76901,8
95825,12
75088,14
84004,6
32250,10
30260,2
10035,2
28369,2
47401,28
85120,24
91737,4
45014,32
84765,6
27517,22
29588,40
95662,16
29625,26
90019,14
63026,42
53132,38
91301,8
30132,42
65037,4
33983,8
55313,16
53916,16
47848,2
22407,26
48380,4
55040,16
97086,6
3801,4
73179,8
85539,2
67013,6
55343,10
81432,8
78640,48
85053,16
86315,8
34714,22
63017,36
43229,34
99508,18
98338,16
18052,8
48444,16
59103,2
L0B 1L0,4
74133,40
36801,10
65202,30
41501,6
46181,8
55011,14
41095,4
45120,6
T4R 2Y2,2
37388,30
46818,18
92307,2
85742,16
89014,40
84078,20
55117,20
28031,44
59601,30
85249,20
V2Y 3B6,2
95240,10
77619,4
L8H 5J7,2
99338,20
44087,18
55020,6
6115,2
15116,14
79525,2
95991,14
30535,6
16148,16
23236,14
78717,20
94061,10
55044,30
56031,20
28584,20
1040,14
35080,22
95835,22
85254,26
64040,2
47362,26
55119,20
63359,2
90242,6
66608,8
55442,24
45101,4
79912,20
68144,12
84087,12
83210,2
24279,6
62568,18
26301,8
14568,2
3031,2
7405,2
30525,2
89052,32
33624,16
34609,20
29303,16
46573,2
95678,22
48124,12
43140,12
53151,20
32092,22
98837,14
45895,14
33904,18
19320,36
27292,38
79707,6
46405,2
63118,26
95949,14
46239,12
30548,22
29203,4
49024,10
28173,60
34470,20
72211,12
18104,4
55406,10
62677,6
49006,14
27203,18
76179,20
61801,24
L4C 7V6,2
45840,44
50211,14
68522,6
37923,24
78731,10
17345,12
28056,26
54016,26
62701,10
77040,2
56001,36
60440,24
85614,12
37813,6
43105,4
28673,6
8080,12
45011,50
83642,30
44622,6
78616,2
97408,4
30096,18
28110,30
53704,20
76310,12
62061,6
22310,10
31030,2
85706,12
14085,4
63376,56
40324,40
35242,32
28104,26
47905,16
50133,2
78259,36
54022,12
33707,12
30241,12
33884,10
86024,2
61550,22
21636,2
91786,18
25405,4
98499,8
46241,22
55904,16
43228,46
15025,8
44460,32
63051,12
32086,34
95765,24
77573,48
27409,8
55347,18
45042,10
97070,16
21014,20
19464,2
48503,2
29349,30
95124,4
35114,4
72015,22
84043,34
34606,12
28052,22
99999,12
55420,12
44320,4
77494,80
80917,8
33764,2
40601,38
74055,24
78251,42
84780,18
98233,24
48141,2
37013,24
55113,26
49022,14
29492,8
59834,2
26155,4
93420,24
23451,26
99503,26
30141,12
72150,4
23503,10
89128,20
40243,8
67401,44
30223,14
89408,30
47357,2
87144,28
3867,14
55427,8
22193,6
19426,14
89178,42
91801,4
83226,2
59803,12
44121,18
75154,16
29527,20
61085,4
40517,26
6029,2
48084,10
44483,14
28721,2
35758,52
85213,14
43130,32
78245,62
12344,4
63103,6
60005,8
28751,4
45176,12
66514,4
49346,6
46706,10
84119,46
65803,8
64633,4
64801,8
43056,16
59102,32
14043,6
48122,4
29640,34
38053,6
43512,14
84115,16
37416,8
98248,8
27803,6
85383,44
28273,38
33801,6
L1R 1L1,2
85205,28
44231,8
29063,12
85029,22
33711,4
47130,20
35150,22
33543,16
43221,6
64136,2
48046,2
60189,26
37725,18
37398,14
41048,22
87109,16
44703,6
97756,36
49781,2
75243,10
21060,28
19078,4
78217,30
28226,24
47711,12
36532,2
66213,32
47170,6
23455,26
34472,2
18214,4
34986,18
44432,4
44017,12
78006,34
98682,18
8260,2
50310,24
80020,56
66607,10
89135,16
34474,6
81520,4
76148,8
75028,22
17268,18
42301,12
92392,26
78211,10
29672,8
68105,8
61114,6
78023,20
56209,4
95762,16
93611,10
54757,6
15215,6
98074,16
46168,30
49424,36
75703,24
50322,30
55125,56
29693,8
49202,22
27410,40
48133,10
24531,6
89183,30
62269,22
53217,28
34639,10
76133,24
37216,2
35803,12
32507,2
47136,2
55359,8
82601,20
68516,14
28578,6
24019,6
33510,18
46385,14
80915,6
22206,2
85308,34
98532,20
27560,30
84120,10
L1J 5X2,2
35173,10
98065,10
37046,4
23192,2
98005,10
48186,22
98366,16
61601,4
37379,26
22060,2
89143,8
63301,28
29072,54
19073,4
98503,24
58503,26
54601,46
94025,8
57221,4
3301,4
61530,2
80621,12
78730,4
63126,14
3431,12
46808,18
32778,18
45238,20
84102,10
33611,18
75150,10
33710,22
47974,2
78641,28
42718,14
92377,2
83201,20
95945,72
76126,30
7039,6
48085,22
75068,40
61350,6
55014,14
28655,30
52806,20
1560,2
85712,10
72712,22
19709,16
95973,6
78382,8
32259,30
30030,14
80110,24
37803,24
48035,6
30506,32
21403,10
80927,4
29115,2
50229,2
86040,2
8094,10
80130,22
53105,14
63088,4
44709,6
30135,18
29306,14
21078,8
29410,16
15012,18
60614,20
29526,24
95673,22
93003,14
56301,36
74136,12
84047,28
53051,26
55110,16
27884,4
19440,16
23185,12
17050,20
41017,8
48393,10
48386,4
32034,10
1886,12
84651,10
97045,36
1118,2
60646,6
62025,18
37066,52
27704,22
48375,12
89149,32
15401,22
19702,8
40216,12
28590,8
17222,4
48317,10
80021,12
33584,6
27105,16
80026,10
78748,8
15301,30
31204,6
50501,16
31324,38
48616,4
46992,12
77024,14
84065,34
79347,2
V2X 9A4,2
33067,16
45168,2
62002,18
94534,16
53546,12
2760,2
83835,24
60586,40
8753,8
55742,2
48335,10
32084,26
17022,12
20685,4
76016,14
40299,38
76203,4
23834,22
46748,6
43235,42
28164,6
59410,2
63010,28
33594,18
37355,28
78602,8
74037,16
80534,2
96782,8
29323,16
78749,18
34638,26
85143,42
45424,38
42103,12
37363,18
46219,18
44833,6
76131,14
75050,12
92563,24
49106,4
87002,2
16229,4
77566,20
56472,8
46256,4
98502,8
32097,16
75025,26
30606,32
5452,2
16601,16
95207,2
27265,22
93314,16
48165,10
30316,4
63136,8
32216,14
3440,2
49442,14
L2R 2N6,2
45219,6
75056,42
85207,18
64440,2
15601,16
97306,16
27330,26
66609,4
87114,54
99004,16
55303,30
98373,38
10312,4
64134,4
50250,2
41071,16
68506,4
95363,14
75287,2
44116,10
48178,22
21209,18
L2S 1M3,2
60188,6
80211,6
48162,14
47524,2
34446,10
95358,2
29803,26
87501,20
62812,10
84088,20
78002,2
47024,4
64157,12
41076,28
15208,6
77449,24
28412,38
30011,14
20634,4
77356,12
61021,18
55304,42
37175,2
61571,16
32459,28
86515,2
1879,2
17728,2
46710,4
37660,12
55128,20
55767,2
33980,14
84010,20
61944,4
93726,8
33990,24
8318,12
60014,20
45240,14
54703,16
29730,32
23015,4
23322,44
53208,6
50323,2
53158,2
84037,26
29210,6
37122,46
19344,14
40031,14
98611,8
21050,20
32764,2
66048,22
85326,52
77369,2
6354,2
45315,8
27107,18
35907,6
52501,22
30721,20
23089,6
95242,12
23693,4
27040,6
28120,10
21144,14
47110,2
45208,16
29464,46
21225,8
22406,6
56308,26
66206,2
85234,36
17837,12
29582,14
57703,18
6067,6
83245,4
45177,46
53110,16
84009,28
58103,28
66210,16
97477,36
74801,4
54911,6
48854,8
55414,24
34432,2
92253,16
85296,46
92626,2
98290,2
37924,18
48167,10
76544,34
30802,4
43209,18
63025,14
30518,42
28715,20
91750,4
75035,34
81647,4
23832,20
45158,2
37091,10
61761,36
45430,4
59604,4
73120,16
48329,12
28405,28
92127,20
32817,10
72719,16
84123,34
34957,12
43110,28
43062,28
33993,20
61032,22
55041,2
77080,16
98387,24
1085,6
98556,2
49009,22
48837,6
77968,4
40447,8
54208,2
35974,2
85748,6
55378,34
46227,52
19810,18
7002,8
98275,12
53226,4
35475,8
19952,4
78751,6
60564,24
27360,34
37043,30
19064,4
44035,40
41035,10
55811,24
44515,22
15210,4
32218,14
16510,10
91106,2
44646,26
60565,28
46815,28
49735,8
56661,2
53092,10
55924,2
23692,12
85365,4
30281,36
30318,16
32746,44
47203,14
29609,20
95747,42
46321,8
37918,26
21230,14
57107,10
85225,30
92110,16
37876,18
85194,12
28139,12
85142,32
48094,12
52302,18
47933,22
45231,28
21804,6
27889,6
91724,4
55033,34
78413,10
84020,32
15480,2
56007,8
85745,6
15717,2
75160,14
52732,20
44012,12
57108,24
45002,16
19382,32
63109,10
62067,2
46750,28
83607,16
37037,12
79110,4
37748,10
46268,4
27298,4
21635,2
6117,12
34610,8
T4B 1S8,2
31052,10
72076,20
78045,12
38315,4
48091,18
47807,18
55038,22
30022,34
40241,22
46526,30
80127,14
44907,8
84335,6
43064,16
73099,36
64151,30
28470,12
44471,6
49548,18
34758,4
67050,2
80549,2
27284,32
32822,14
40741,14
60004,26
67217,8
62277,2
65019,4
43081,32
37301,2
47111,10
27406,20
29360,10
84101,2
17347,6
63043,26
60446,12
34746,18
96815,2
63701,38
56353,6
14094,18
34232,16
55807,12
94583,12
53811,2
37101,2
28152,14
92694,2
43606,10
30033,10
90270,2
98027,4
78255,8
54880,22
61046,2
75751,14
55063,10
81101,16
49286,14
77044,16
28043,6
45236,34
555,4
60607,18
23320,28
68527,2
85741,28
94531,8
22601,8
96816,8
31503,14
85302,14
55021,32
24590,2
53034,2
55397,6
46055,6
28443,32
55068,22
46157,8
15666,8
67205,16
90712,4
77539,12
43211,10
95448,8
52404,26
45458,36
78660,24
95355,32
28125,2
78733,4
66762,8
76137,20
41060,2
77546,36
84005,26
28147,12
74437,2
99362,22
75036,12
60901,10
35630,2
50265,32
61072,10
84106,26
47909,20
21208,10
63537,2
91321,2
19438,6
28210,16
98391,40
94555,6
2149,2
34711,46
32824,8
32132,4
56218,2
45036,30
96002,8
T8A 5R9,2
46787,6
30092,36
89139,52
56379,10
56377,24
78734,26
30127,36
54401,24
27858,20
76201,4
60156,20
87111,18
50152,2
42027,2
48154,18
97030,28
55429,14
85027,20
60541,4
48071,16
7059,6
65441,4
55388,4
98072,14
75044,12
72227,2
97220,16
33712,2
33154,2
80120,14
17370,4
66062,60
34293,38
7730,6
80011,12
16159,6
97027,6
68803,6
27283,4
V2R 0T5,2
80403,16
37820,8
24550,6
44683,10
17025,14
53541,2
29388,12
45242,26
36606,4
30513,16
60072,4
78132,28
92270,4
53150,16
78267,2
74012,26
66801,8
32025,4
29687,24
57025,2
89002,22
72450,40
95135,6
63122,24
78666,36
64093,22
48316,24
37415,22
37076,20
37211,18
92345,44
68,2
66224,12
23509,2
64020,4
8234,22
46221,20
55369,38
15201,2
1095,2
85281,24
63031,20
28704,18
85215,24
95356,20
80538,10
27407,22
1028,4
22840,4
92691,2
19063,16
45118,4
29909,26
80121,10
44111,14
43160,18
78223,22
24018,18
49507,12
41051,36
21017,2
97404,20
43615,14
27581,4
23454,22
80003,16
62220,24
80015,52
8055,12
77089,8
23607,2
81504,12
92692,14
66203,14
68137,26
45503,34
78258,26
97914,10
30075,18
28613,8
98402,4
84074,54
98908,14
50401,32
89501,2
77069,4
16121,4
34953,26
98901,2
65807,20
8242,16
52588,2
75143,22
97325,2
89031,42
54728,4
57110,10
74137,16
1473,4
61822,4
61378,4
10306,4
46975,12
61704,16
46580,12
44004,8
33410,20
47408,10
29860,22
75482,16
46060,44
97004,2
98003,18
92203,2
49070,6
34142,4
45069,52
23188,26
63049,24
55070,10
92335,18
78606,2
T6X 6J7,2
93306,4
15057,8
3275,6
50702,16
18964,10
30311,2
80302,8
45103,30
92078,18
77627,2
63775,16
83202,8
76401,14
44883,24
95403,22
29466,18
18954,4
48080,10
37769,4
84118,30
30014,16
61701,16
87124,36
30188,28
95688,18
19335,22
84321,16
34683,14
57022,6
54455,10
60914,14
29825,2
73134,12
2446,2
76180,8
27006,18
31602,10
47150,40
29926,4
53213,4
37172,24
T2Y 3P4,2
87122,6
46237,50
76527,2
79373,2
28411,16
43017,34
98422,8
77450,18
98226,22
99205,22
53191,4
48105,22
17015,12
32046,4
40353,20
92026,20
7733,14
80138,22
61036,2
80014,10
63119,22
49321,12
83709,28
84014,14
73020,8
29477,2
64083,10
60451,10
33572,8
30117,20
23323,30
61856,2
68034,2
28562,8
91355,16
34286,14
30114,38
85379,62
97111,8
63124,10
40280,2
35906,20
33634,2
25403,4
34104,22
8758,2
28348,12
75126,12
77407,26
21043,12
61401,30
73071,26
93313,12
67207,18
85282,50
79605,8
80537,16
43026,28
30112,2
35613,6
T3P 1H4,4
93720,14
47951,2
23225,4
32536,6
60545,8
28540,22
85260,14
29607,40
19363,18
78669,4
93263,8
44144,16
30350,14
95348,10
79916,6
15213,2
30458,10
64015,36
43571,8
34113,10
42303,24
30187,4
28001,14
30168,4
30542,50
60441,20
45344,16
45356,22
55108,4
91710,8
15106,8
35147,2
60618,14
43502,2
56164,4
98110,16
85743,24
60060,8
33418,10
92111,6
46614,20
34759,20
93905,4
30144,20
29630,12
84737,14
54410,2
3077,12
60120,4
46235,18
97302,8
98332,20
6482,2
67203,14
46902,26
48442,10
8204,12
51501,24
14450,4
85028,14
80550,22
76108,40
85132,16
78013,2
49097,6
80651,4
49428,14
97008,20
30058,8
46383,20
34786,22
38464,12
31313,18
22405,8
94928,18
55330,30
32812,14
77086,6
83860,2
27332,28
36832,14
33991,22
83843,14
V3T 0K8,2
43102,6
30143,26
73110,8
27610,10
52411,4
57078,10
8003,10
30517,2
56560,34
46112,34
43224,8
29907,10
56484,2
45305,6
73086,2
34688,8
48060,28
97223,30
60062,16
14626,10
75142,14
34292,24
79027,4
43113,22
66212,34
62248,2
89506,26
92646,18
32407,6
27587,52
56277,2
40515,24
98660,2
28602,10
55446,20
40212,4
31326,6
45169,4
19422,6
47356,6
27028,14
76542,12
30265,36
98596,4
85131,14
18519,6
48390,10
55428,24
98506,8
67037,22
37082,4
50613,30
75156,12
60067,14
T3G 4S3,8
55432,12
45302,2
92376,12
48327,12
82007,10
80922,22
63111,10
49331,16
60174,18
28376,6
33566,4
32807,12
43147,20
46616,4
92582,14
17517,4
60560,24
85351,14
762-4,2
44023,10
60416,2
24656,2
85024,18
54729,26
63114,20
3304,6
46737,4
92131,8
66049,22
L4H 0M8,4
92374,30
83204,10
3826,2
95831,24
80501,34
12345,14
33556,16
19330,2
30093,4
L2M 5W7,2
30116,18
66030,16
45209,20
62650,10
45257,4
97702,18
87507,22
53714,4
30044,30
89147,28
43311,20
68124,8
44281,14
27282,20
95694,4
46184,24
44301,4
94601,4
75090,24
8831,12
67206,6
85286,20
45230,26
98198,22
53219,12
60430,8
29651,34
91941,12
60540,44
77479,32
21012,26
23707,16
98311,34
75010,6
19350,2
21220,20
45373,38
91302,2
8805,6
32609,8
98802,22
27545,10
76665,2
60187,20
29073,42
86404,20
60491,18
37760,8
32607,14
36618,4
46217,30
44273,10
79701,6
67501,10
30741,14
11713,2
60048,8
28462,18
28214,18
80401,26
76114,14
93308,16
95833,4
55803,14
37865,10
32738,20
95618,12
95820,8
48184,6
30277,14
26041,16
T2G 1G1,4
77511,20
44413,2
43054,26
77365,22
19520,4
28103,2
31827,2
37186,4
47872,6
64086,8
82604,26
78620,16
99037,14
42733,2
78244,22
63401,14
28803,16
46052,22
90713,2
48381,10
84094,14
63110,8
28403,36
29708,42
93950,12
34698,10
43027,2
80920,14
19053,4
48446,18
47031,4
45246,10
48326,18
92649,2
98661,16
34654,14
32829,14
19425,4
95819,14
66083,4
19047,8
76116,16
17603,22
37931,16
27526,32
68521,6
85540,2
66202,2
23831,18
93103,2
37040,20
21161,2
87104,4
28270,20
53081,20
61834,4
32608,38
33760,4
67449,2
43021,6
95602,16
78225,6
44313,8
L4C 0H6,2
35578,6
15243,2
30342,6
31210,18
35171,2
6401,2
7036,10
34135,20
62902,4
31029,6
55718,2
46953,14
41042,60
89113,12
98026,10
23930,2
63385,30
7607,6
81635,6
47906,32
66548,2
95758,20
80904,14
40312,6
30240,22
66109,18
19805,6
27944,6
48089,6
27350,2
33981,24
64063,18
43612,22
43950,14
60180,2
33165,4
33701,14
97330,20
L6C 0H6,2
17339,8
46113,22
37311,24
85021,26
45255,14
48126,2
15801,12
56551,2
95391,4
75089,16
80209,12
83274,6
19711,6
33880,14
85392,18
41101,8
49456,12
53717,2
60453,12
80123,18
L8E 1L1,2
93930,2
29805,4
34222,8
28150,10
40242,12
67601,8
54904,18
92395,12
72823,6
75149,16
18708,2
95776,12
44842,4
32779,18
29405,2
44224,32
65337,2
98225,28
28305,2
55082,18
17109,6
78753,16
89142,6
55362,18
81008,12
30115,40
48323,10
19446,10
24522,24
77316,8
38063,2
97140,20
27616,24
97305,26
61264,10
94550,32
28730,4
57752,2
32806,10
48045,12
46033,14
80526,32
94503,6
72033,2
32712,26
45245,24
98674,2
37221,28
83716,6
29579,34
54740,2
53189,18
30286,18
19317,18
76548,36
87193,2
29406,14
95660,4
32211,4
76082,10
49203,18
40229,28
74146,8
91360,4
45504,20
58741,2
48114,14
72032,16
84003,44
53913,2
8107,6
58104,22
61111,24
48103,26
30068,22
52317,10
22032,4
55422,18
64111,12
55341,4
85041,14
8036,4
97219,8
41046,4
V0R 1S0,2
27703,12
29576,22
63144,16
3303,4
44146,6
89424,4
66502,24
20175,8
98136,4
32258,30
46725,26
64064,12
63377,2
34429,2
95834,24
21771,22
43619,4
44106,2
34771,6
24649,2
76109,12
36804,16
32835,20
T6K 3N4,2
55746,18
83646,34
L4B 2Y7,2
55360,4
49107,6
55309,20
L1K 1H1,2
60448,30
34241,10
23114,8
21061,42
95757,6
63050,18
75013,24
T5P 4B3,2
95842,16
60504,12
45880,2
43055,60
26003,22
55387,22
78257,20
45869,2
27834,24
67060,4
54228,2
57105,24
78041,2
37421,34
97035,10
32720,10
48173,4
93291,24
19803,8
28124,8
40204,8
46819,6
45247,18
V3G 3G3,2
80111,20
1523,6
43762,4
T8X 0H6,4
59937,14
32246,16
43232,14
60007,28
32792,8
98848,2
79407,10
8057,8
78644,28
28168,8
75605,6
42351,2
66953,2
76513,36
17257,12
78621,18
85374,32
82718,16
37188,22
28204,10
48170,14
26101,12
55025,28
95376,24
85303,14
48813,14
59647,4
34691,12
85086,30
76086,20
77354,20
98538,2
25302,2
44708,26
47112,12
45239,12
40165,28
84041,20
85304,20
33875,2
94562,2
3106,10
23601,6
76712,6
32461,2
66218,4
75062,6
77515,26
30013,14
47122,2
50325,8
L9L 1B4,2
32757,20
61103,10
83702,8
20622,2
80134,30
62441,2
2062,4
35540,4
33625,14
68130,14
86507,2
90620,12
70529,2
53115,16
76205,10
98042,16
63135,4
30251,2
32904,12
85335,24
49505,12
78247,38
1007,4
28532,18
15003,4
57201,24
49017,8
55006,6
45211,12
47802,22
17313,4
64030,4
95204,10
28785,2
46530,24
27278,6
60661,4
15238,4
19401,8
15237,18
43607,10
58012,4
46845,18
60655,6
29611,18
76230,2
22031,6
80125,10
27603,36
37486,2
37604,22
72411,2
27243,2
30529,4
63303,30
73272,2
80031,18
75766,8
46774,22
17013,6
68116,18
30064,18
32065,14
77304,16
61402,2
75693,2
95832,4
28307,4
85340,26
72023,30
85310,14
75006,8
45039,20
49643,6
46064,14
56374,4
85008,18
1824,4
61604,4
41018,10
73034,30
87121,28
52632,8
47804,4
28645,24
60415,2
92024,18
92399,16
24219,6
17201,6
28806,22
36376,2
64870,8
45040,44
46304,12
53147,12
34481,10
49464,20
23462,30
95380,12
29715,24
90059,2
53143,6
80202,10
44145,16
75034,28
28054,24
34291,8
94590,4
55372,18
56054,2
92069,24
45341,2
85744,2
48302,10
92584,52
34608,10
68701,22
32832,20
89815,12
8361,2
8062,4
56073,20
8096,6
76462,2
63332,2
10541,2
89034,2
86314,34
78009,4
2339,10
46788,4
29645,2
37128,40
78240,34
99029,4
33626,16
95713,2
99516,10
97124,38
49046,12
15067,2
82001,30
30673,2
61517,6
37618,8
31522,22
50266,38
T5T 0X1,2
92067,4
99224,4
65559,4
33613,12
76244,34
27519,36
64081,16
24593,2
23228,12
19087,16
30047,18
56329,4
32068,44
63640,16
73127,10
80129,16
62095,6
60442,4
60654,2
48134,22
30094,16
58701,16
42104,24
76054,6
43917,2
V2T 5C4,2
V2X 4W3,2
55124,40
97031,2
46835,26
97502,28
55439,4
55345,36
17519,8
23002,8
60707,2
89011,2
18642,6
77096,10
29684,2
37341,10
45252,2
8527,10
85298,36
72116,8
28501,4
30004,38
47334,4
37766,2
2744,2
85757,2
89523,18
74011,14
48198,4
97062,24
44314,6
44212,32
38574,6
74014,12
60171,2
48180,46
11111,10
29601,12
97403,8
33765,16
48827,10
7920,2
54017,18
47374,30
T2W 1M6,2
73107,8
48360,6
75022,12
7438,10
3470,2
38139,4
46123,28
55057,20
62890,2
7860,16
27713,14
15350,2
48150,4
96707,10
99122,4
70605,2
40272,8
16046,18
35121,2
55720,10
L1E 2X1,2
76017,18
83349,2
60103,22
37042,36
33414,16
85138,28
27376,4
55447,18
97526,16
78643,4
98292,16
29440,2
55775,6
76001,10
1453,10
98032,4
53089,4
75762,6
98056,8
30120,10
48324,6
78207,8
21108,6
45106,12
15926,2
67801,20
74145,6
54020,10
78213,30
53185,12
34613,8
92648,10
15146,14
72761,8
27055,12
80238,22
34668,18
72835,2
31523,4
29414,10
27612,24
1119,6
45863,4
91016,20
57103,20
60102,22
44612,8
40915,4
45215,14
92562,30
2359,16
75189,16
27573,4
30180,36
15317,4
84107,18
77486,2
45013,38
37601,10
43022,8
80640,8
65536,28
15001,10
97304,18
62401,16
50701,16
30028,6
33912,10
77320,2
29385,4
98014,14
29910,32
7740,2
35125,14
64014,22
37404,6
84124,6
44221,18
65270,12
94506,8
47283,2
40403,44
93455,8
31906,10
24572,14
34684,8
45243,12
60123,12
17112,4
55329,4
77568,10
23024,4
91740,4
45030,22
32439,18
44041,20
95628,12
55106,34
60640,4
2818,2
83815,26
85045,18
50309,4
6032,4
98055,14
86001,32
73703,6
L0G 1A0,4
92530,14
61109,10
82901,28
46825,28
48315,14
43016,32
34475,2
34715,34
31548,18
55437,20
30534,16
30327,2
14227,8
78160,2
72142,2
78248,18
45416,4
50638,2
84664,6
66216,14
46037,34
37774,10
78725,6
17406,10
32413,32
53094,6
12158,4
21236,12
2043,4
35756,10
84501,6
61008,22
44256,36
43204,28
66221,34
56452,2
17701,16
80909,24
28422,6
98683,14
24297,2
55331,18
62692,2
32701,8
48840,4
23005,22
75007,22
63601,14
31773,6
87102,10
28202,8
T5A 4L5,2
32304,8
36542,14
97603,16
53525,4
43004,14
29654,10
48082,4
22546,4
18951,16
12550,2
94704,2
85123,10
90638,2
44601,20
27514,6
31033,4
30909,18
T6L 3Y1,2
54006,4
85006,6
7224,2
21228,6
53711,24
33706,6
61552,2
72022,16
98597,18
19460,6
50278,2
25303,4
53118,2
85338,54
95828,4
50111,6
53520,6
43123,50
1701,2
48910,12
31419,22
46373,14
34990,10
30619,2
29316,24
97115,10
37343,50
59105,44
21740,14
98087,14
54914,8
56273,2
43351,2
84062,38
83714,10
42134,2
60452,12
60641,4
45805,10
64505,6
76502,10
43824,2
16066,26
68025,18
35126,10
76226,14
98513,14
95340,14
64012,22
44714,8
3087,6
40108,2
84403,28
L9H 0C2,4
18103,16
33071,8
57345,2
27053,4
80260,10
44240,22
28079,26
63048,6
83406,12
48096,4
7834,10
47630,22
36695,14
50010,32
85367,4
68114,10
55804,8
56529,6
28609,6
66616,4
35043,12
46544,32
30097,10
28436,2
54173,2
43213,12
68505,6
30319,16
62097,2
83704,8
27705,14
59847,8
97266,10
77590,26
67209,18
30071,8
27358,6
L6T 2E6,2
53083,2
8108,8
7628,6
32967,2
56265,2
L4N 9T2,2
57760,2
92118,6
41074,2
67220,8
60142,14
46311,12
99505,6
92553,8
L4H 3T6,2
62567,4
98374,8
19002,10
55375,6
55104,20
84081,24
92821,8
92407,26
95638,2
89434,16
49503,6
64834,4
19934,12
99001,4
29302,2
82009,18
60510,20
48858,10
84084,10
55122,28
15068,24
77008,10
34266,10
92679,2
60525,20
30134,18
78676,8
46224,24
37381,6
29702,10
7828,4
29461,12
43068,40
3051,12
83616,18
55355,2
37934,14
85014,12
38138,8
62010,2
68504,8
32308,14
17202,12
98249,2
37862,8
37716,34
29170,8
98245,4
77357,4
63134,8
23124,2
50208,14
46546,2
17033,4
21811,20
23437,4
15084,8
36831,4
95350,28
23111,16
95405,14
19024,2
21234,16
62703,12
19341,20
60633,2
80124,6
46030,2
90723,2
61115,16
83341,12
22902,6
32605,14
31406,18
49461,2
92054,24
33811,6
59714,12
85203,16
72002,8
33412,4
82609,16
28144,22
61108,12
68507,4
85635,34
47201,20
59715,34
33541,14
84404,16
98404,8
28677,12
76093,2
27205,16
44147,16
85548,2
55115,10
30189,18
75455,4
45439,12
1970,2
19734,4
91350,8
27023,6
65109,24
31407,10
2879,6
98075,14
72112,4
34473,8
30121,22
46989,4
28429,4
18914,16
37354,8
7047,2
92122,8
8085,14
99212,16
95476,20
33476,2
80018,2
66614,18
30720,10
19057,6
8087,10
28215,18
35131,4
40121,8
54202,2
63020,26
33761,8
44109,16
73065,6
30269,38
63123,38
60505,4
60137,28
55438,10
37130,16
49014,10
48313,14
62298,14
27048,4
33606,14
14075,18
51448,2
33196,6
33781,10
46970,6
14580,8
34987,20
38451,4
84128,26
63011,16
80528,8
52804,10
44319,16
87031,24
18092,4
55371,16
78238,22
80214,12
92056,10
32095,10
28461,42
75217,12
63034,6
28787,22
61101,4
68713,2
46158,16
99337,22
60101,22
29322,2
85719,18
60657,16
92505,4
97632,2
60140,4
36507,2
55401,4
40203,4
85248,24
84315,6
76308,6
72703,4
77396,14
35611,18
68022,14
14217,6
78738,30
37334,6
92780,10
78253,28
8618,10
75019,32
75165,20
85023,18
33759,8
V3R 8H9,4
34119,12
34655,22
31005,18
80831,12
44067,14
V3N 4R5,2
1590,6
85711,14
32210,18
80602,16
99515,26
44070,22
57783,2
75220,6
34769,6
57401,24
43157,4
72113,24
77007,18
89706,16
47151,6
61010,2
53719,16
34988,4
45067,20
49091,8
33947,14
56304,6
29575,24
75009,4
21122,6
33026,6
50428,14
49221,16
49230,8
36344,2
55719,8
28792,40
46229,10
31569,8
42101,22
49337,4
45248,8
47161,6
89441,4
30308,12
24015,2
29455,8
60033,6
20165,4
60175,26
27909,8
12586,2
30677,12
80128,50
85355,12
24202,6
75061,6
50327,6
17543,12
92028,2
17349,4
27104,18
80923,22
74008,4
85327,4
97760,6
33897,2
95136,4
37821,16
37064,28
89074,18
60022,4
86035,2
V3Y 2H8,4
46034,10
53235,10
66967,2
2747,10
87532,6
7601,2
33772,14
85048,14
98367,6
87123,34
84092,4
98204,14
64060,10
76051,20
V4N 0H6,2
20619,6
17111,6
42567,4
84117,8
60435,18
46216,6
97148,2
44057,14
85018,30
37877,20
77027,2
50665,2
44710,2
97906,2
33565,4
44060,42
28458,2
95838,16
18940,8
48506,10
63645,6
76063,20
56017,4
84663,16
74152,2
43551,30
77385,2
42702,2
77498,2
62257,6
44054,12
42164,4
23230,6
18058,2
30101,24
48116,16
49315,26
47715,10
45836,4
66072,2
L4S 2V1,2
29678,14
30728,6
59044,2
50458,6
L4G 0Z1,2
73118,8
77901,6
54449,14
64130,4
78608,2
49113,2
30082,10
24104,2
19405,2
35673,2
45381,4
89108,32
38501,20
92595,14
98466,28
56473,2
16146,4
30080,14
98382,22
49441,26
19018,4
89148,32
33813,16
45502,24
66411,2
85716,6
16301,2
34448,2
82935,8
45601,26
89103,20
61748,2
43526,4
2067,4
40047,16
33705,4
46032,32
92359,12
87357,4
8075,6
43031,16
45142,2
92881,24
62461,2
28278,32
54814,2
30152,20
33442,10
79415,16
55008,14
74107,12
98370,2
40437,2
60477,10
89032,18
80122,26
32541,18
44039,20
78612,6
77598,14
65049,6
N0G 2R0,2
79932,8
37214,8
78222,8
55083,2
28409,26
37664,8
54636,12
22030,6
9876,2
55744,12
L4X 2J3,2
53511,12
32352,2
7090,4
30017,10
45068,8
60090,12
44264,2
53587,2
78664,36
23435,8
84770,28
61265,16
21742,8
90008,2
53024,16
55418,8
15205,4
85212,30
17551,8
28533,2
72047,4
85119,20
40245,12
54901,20
19606,12
23836,4
96161,4
86326,16
53576,4
27534,8
27312,18
55810,8
85546,12
62919,2
60543,22
78634,16
78266,8
97358,2
77059,4
27604,6
37207,6
22611,2
8835,2
32043,14
V3Y 8V8,4
37801,30
30736,24
46703,22
24060,34
75551,2
60177,12
T6W 3J2,2
60714,6
8110,4
85043,10
32141,10
60443,8
95603,18
15275,4
17368,4
NO8 5,2
78759,16
53005,12
59912,6
56425,6
34952,12
32539,12
84050,10
52240,14
50125,12
56387,4
48532,6
79606,4
84720,16
43569,2
63080,10
1821,22
28460,4
55412,10
93277,16
29486,8
43231,10
L6P 4G6,2
55805,10
37853,6
1856,2
85631,4
49306,8
78113,2
81506,4
76504,4
92591,22
75077,18
45807,6
77306,2
95148,8
20640,2
48430,18
95966,14
75098,18
29169,16
27523,20
83211,6
19713,8
22202,26
43402,22
80498,2
75033,14
34112,12
85747,28
80207,2
T2A 4K3,2
L6M 2S2,2
65301,14
44125,16
29365,12
43085,12
27804,14
8550,14
94127,2
67502,4
32828,30
3103,14
95640,8
80236,10
74701,10
62324,2
62301,18
21842,8
99163,14
98395,2
10952,2
45806,10
37069,20
60631,2
95307,2
30060,10
27576,14
24085,6
60622,14
27949,4
64055,46
86054,2
58501,12
18411,6
6082,16
89403,10
3307,2
75071,28
30224,8
48168,8
48066,22
19006,6
27302,18
48174,6
92592,36
47138,4
L0S 1J0,2
7030,4
40444,12
84044,34
000 0,2
75801,4
L4N 2N9,2
10920,2
99301,14
91932,28
77584,20
L8W 1C9,2
98058,24
15650,20
1001,6
38555,14
80212,10
40214,14
66208,10
37160,12
32162,4
57751,2
49316,8
65714,16
29341,10
37374,2
18062,6
8833,4
85233,32
19355,8
2740,6
27906,2
19608,8
86336,2
33436,14
27586,2
57106,58
46220,28
89107,8
37742,6
92870,10
43469,2
23059,12
97233,16
31069,12
82801,22
80525,32
54665,2
98103,8
22520,4
61201,12
73132,6
92128,6
49045,2
46375,14
92064,12
98801,10
83705,28
30621,4
60193,30
30005,12
L3Z 2J3,2
67431,2
60073,12
48185,16
32583,4
45801,4
6801,14
81637,6
80022,22
99573,2
32725,14
55107,4
98277,24
35603,4
33919,18
30815,4
44408,10
48030,14
32606,2
46218,10
53705,20
33913,20
77861,4
32931,12
28516,12
46017,2
17110,4
15083,2
29650,12
17403,18
92509,20
28213,8
98321,4
33950,16
30145,2
42408,2
40258,4
33542,6
T6L 5P6,2
85730,22
77480,4
67548,2
6423,2
45724,2
55408,12
15239,6
43420,12
92373,14
78801,24
93274,4
66618,8
58662,2
43136,4
97303,28
46350,8
7876,8
44202,20
8077,2
47331,10
63366,20
24517,4
74105,6
92256,4
91405,4
20147,14
29691,4
40513,6
61068,12
14624,2
37166,4
46567,4
85061,2
47406,4
77541,4
79118,4
33914,16
48048,6
L0R 1E0,2
55976,6
99217,28
29078,4
90240,2
78639,4
2559,2
76501,8
35071,2
98006,12
30656,8
79602,6
46231,4
85297,14
44333,10
91911,14
46106,6
V9B 0W9,4
1501,2
48111,10
48801,4
26070,4
56401,28
48462,4
63141,18
75442,8
32222,2
7721,2
27357,4
49,4
76637,2
50131,8
27511,20
95301,20
2920,2
98405,12
33405,2
66207,4
75078,16
54751,18
37683,4
65801,2
29061,6
85670,2
60455,2
89166,18
6470,8
35811,12
V9L 6X2,4
91730,12
78061,2
48353,6
3837,2
84098,28
30268,4
38482,6
44133,20
85013,10
53562,14
53078,2
49509,12
48176,14
75067,18
55042,12
28729,4
80012,14
29001,2
44647,12
93286,4
91307,4
46151,32
75231,8
L0C 1H0,2
49247,4
77079,2
92071,14
3878,4
34653,8
89141,30
99669,6
27870,6
32836,18
48423,24
80907,20
47304,12
20170,10
54304,10
8205,12
78252,8
47117,2
21224,6
97007,30
47714,8
44055,6
47303,12
T9E 8S1,2
27370,6
68008,10
55076,16
56501,12
45229,6
84105,12
37022,4
32960,8
95670,22
37814,10
35128,8
28205,6
47880,2
77363,2
46410,6
63128,18
37062,20
77807,10
45804,10
77706,2
L6L 3B1,2
84058,12
17522,18
78888,2
42366,8
53029,8
53221,12
37205,20
93612,4
92394,2
48152,8
1860,2
30234,2
37377,12
53566,6
49001,8
46582,2
N2C 1X1,4
92880,36
59639,2
76087,10
19020,10
49269,2
94087,16
45102,16
3857,2
30019,16
57362,2
68147,12
61744,2
46562,4
95624,34
85206,22
40926,2
59701,34
29201,12
97301,14
21222,38
16002,10
99507,18
78739,12
30605,22
44403,2
34773,2
47396,6
79423,18
49055,2
52639,4
87113,14
3054,8
48879,10
64029,8
32226,6
V3S 1S1,2
54650,14
98687,4
50023,22
77642,10
T8V 7L3,2
T5R 2W3,2
45005,18
46122,12
35757,6
98223,14
20743,2
75791,8
92614,4
54915,18
85209,22
75147,4
41041,8
62801,12
36854,8
43050,10
60045,2
80916,12
23235,20
76092,22
35007,16
60467,16
76135,16
48104,10
23083,2
65065,6
94538,8
62889,2
48847,2
60016,12
44720,40
15126,2
56258,14
79403,4
19015,18
95070,2
28209,8
66071,14
94806,16
99203,12
17404,8
32765,24
18966,6
23150,2
93446,12
35761,6
94568,16
37620,18
73068,2
99336,26
35453,10
V0R 2H0,4
L0L 1W0,2
95252,2
79938,18
32137,22
29016,4
15074,8
1545,14
48348,20
95928,12
64133,4
62901,24
99022,6
53590,10
55077,8
37397,2
T2K 5G9,2
45365,18
84049,2
49423,22
43214,20
63139,20
24273,4
94551,22
60423,12
48182,12
23223,6
97703,2
93711,6
60112,4
32312,10
32809,14
60554,6
58413,2
40337,4
80921,6
76227,8
74120,2
86322,2
27253,12
79109,28
76302,8
32542,2
31211,4
58801,4
48342,6
43044,12
60134,18
89029,2
91745,2
50421,2
34209,6
97322,18
8081,4
60202,8
36305,2
97527,20
66414,2
60629,6
40360,6
50707,2
28658,12
68135,12
37849,6
26150,2
67114,2
78237,8
T2Z 4J5,2
86023,4
92570,4
33908,14
49504,14
37310,2
97132,22
44410,10
33777,14
17018,2
44446,10
80615,4
92084,12
55441,6
48433,6
85375,22
40356,34
31093,18
28092,26
L1R 1H1,2
37115,4
67226,16
56201,12
45033,2
33602,2
48188,24
24174,2
29006,8
62910,4
85653,22
45640,6
DEC L,4
42127,10
48017,4
60107,16
21787,6
37714,4
38583,2
84097,8
37663,6
85739,14
18643,2
81001,4
45056,18
66215,20
14424,2
83402,26
83404,10
50156,2
33610,2
89801,20
57702,36
28080,4
97530,2
95826,2
33304,2
34219,16
48547,2
64701,8
55960,2
30328,4
97232,2
95963,2
31206,8
76262,16
29456,10
52228,6
43952,4
37772,4
32540,2
48108,4
37127,8
77382,6
44654,6
17055,22
89104,18
61811,4
55391,4
83687,24
91977,4
97002,6
14150,12
37362,4
84057,20
83641,4
54772,4
30046,8
98011,6
43901,2
48304,10
78610,20
98119,22
29154,10
75904,10
28081,20
24501,14
36091,2
83854,28
36035,2
31021,26
81401,18
40223,10
31410,18
35901,2
53140,14
50703,6
77380,12
63628,4
80475,2
T3B 2K2,2
48135,18
75206,16
76249,4
83711,2
53558,2
95110,2
60563,14
60068,8
55430,4
46545,16
31822,2
40383,20
34465,4
55305,10
63069,4
40071,10
N3P 1S9,2
64068,30
40222,8
78234,2
60098,10
36608,30
33316,14
84302,14
92596,8
98516,16
97212,2
14564,4
73018,18
66111,2
92109,18
86305,6
64156,8
54669,10
79928,16
1606,4
52403,20
80924,4
54768,4
29714,2
34238,14
7621,2
1077,8
98020,8
40322,2
L9H 4Y2,2
8731,12
34787,20
30755,8
89118,14
22556,14
34243,18
94561,22
95993,8
57005,4
37868,4
45750,16
83501,24
30528,18
84075,14
21047,4
62979,2
40004,10
8053,32
56431,6
32826,2
48915,4
30540,6
76112,4
76008,8
31315,4
78723,18
71106,4
62305,6
66763,4
V4W 3E4,2
7652,4
33903,20
8812,6
32703,22
60056,10
80304,2
52340,2
K9A 5L6,2
17322,4
23231,12
19977,14
L6A 1Q1,4
15613,2
30103,10
33434,8
46128,2
44706,18
94577,10
34685,12
93004,8
99019,14
89406,10
76021,22
15642,16
17319,6
68510,6
V1T 9H2,2
92371,2
44024,2
35124,12
37036,4
53095,6
98282,8
38565,2
60515,18
68131,8
30824,6
97225,6
98111,2
48823,34
89511,10
56537,16
52577,10
43567,12
58102,10
30549,22
97321,10
49345,12
45251,8
48706,10
55060,18
78577,10
64155,36
62293,2
95304,6
97015,16
17011,4
61820,14
37920,28
92405,6
75074,26
89145,10
60542,8
29845,2
8648,14
47330,6
62896,4
28451,28
92308,8
23510,2
90731,2
47601,2
49508,18
55443,22
7088,2
23232,2
7885,4
80521,14
95125,4
8752,2
8822,10
93401,2
89130,20
96717,4
47129,14
30742,6
29301,12
32750,8
84325,4
63130,14
89086,8
90333,2
98273,14
83701,4
15367,8
64507,6
98012,16
74115,2
29670,8
38016,8
29033,18
76266,4
32707,8
68847,8
93311,30
77082,8
V3X 1Z6,2
78722,4
L4C 2C8,4
85650,2
44011,14
63143,12
75070,28
99026,6
48027,8
33855,2
85139,12
55733,8
18925,2
36360,10
80005,8
56444,6
19026,6
43334,12
64082,20
55056,4
44262,6
75214,2
73170,14
40067,4
35244,28
47164,2
97216,14
34748,10
30084,14
14468,2
35805,8
78064,6
33458,6
29696,4
L7P 1X8,6
40220,8
55912,20
8502,6
33472,2
L6M 0J4,2
44149,12
54011,8
26105,6
57301,10
8525,4
8701,8
19933,4
32962,10
44053,6
99352,20
62242,2
68111,4
L6Y,2
32408,10
35661,8
19046,2
46259,8
45843,2
55350,26
46135,14
54220,20
40358,2
V9L 6A7,2
85295,12
51503,10
65565,2
71921,2
80126,24
27215,14
31542,2
43035,24
61363,2
28791,6
59602,22
34203,12
77047,4
33523,2
66441,12
51106,8
30519,26
43146,2
80814,8
27501,10
49544,12
54025,12
83338,6
85618,2
85210,20
35404,12
44129,12
45233,12
61048,2
84096,42
99208,34
75771,10
37073,12
26104,8
37025,12
87544,8
L4N 9K5,2
84116,6
27577,26
29505,2
33776,8
55079,4
35094,14
99674,4
60468,4
32907,8
80007,12
77055,4
18326,4
27936,2
84054,10
18015,4
65263,2
29009,2
30474,2
85224,10
30087,2
28358,4
43560,16
7203,2
97405,20
47404,16
75211,2
80210,4
40291,18
33618,12
30252,38
79911,4
45249,16
85382,26
98664,8
64057,6
95612,6
78117,2
46514,40
78230,12
30024,14
72010,4
33859,12
30601,14
49749,2
90266,2
29420,4
30233,26
31322,20
46919,4
98284,8
46723,6
76110,4
93704,4
53018,10
97063,2
97080,12
85935,6
60035,4
85259,6
28752,20
84341,12
98315,4
33830,16
84655,6
84745,4
15066,2
45303,4
7852,4
15203,8
90503,14
95816,2
44135,4
78728,6
49417,8
48883,4
89513,2
91387,2
98221,6
L4A 1A1,6
32223,26
95948,6
1832,6
98371,22
48331,8
61375,2
85283,20
78741,6
77571,20
78239,12
83605,14
L6J 6S3,2
78729,18
98121,2
89131,14
39140,4
77429,34
19610,4
55808,4
33312,2
94556,8
80601,14
95404,20
56181,2
61330,2
32003,16
85395,26
37210,4
76002,6
40019,6
37179,10
61537,2
48125,6
66606,6
84093,14
35979,2
44124,6
97523,4
89123,28
36830,20
37218,4
31408,2
V3S 3V4,2
85044,22
55016,20
28479,6
38581,2
61448,2
89122,8
37206,8
63638,2
54104,2
75446,2
78757,2
94044,16
63146,4
6026,4
98408,14
62707,4
15655,2
35054,10
78109,20
30312,2
80542,4
95822,16
38551,2
19953,2
78732,12
68526,10
76209,10
80206,16
46705,2
66047,10
54494,10
94015,14
3809,6
99206,14
62906,6
64835,2
55449,30
35750,14
83852,6
89105,2
80227,22
62374,2
64145,2
92311,4
99005,8
80433,4
99202,4
48072,8
80239,6
20784,2
78214,8
47361,2
66211,2
66226,4
8619,6
89509,16
29356,2
85208,32
32726,14
97229,32
41011,10
27510,2
29707,18
55416,16
95051,6
74733,2
49010,14
87106,6
19033,8
53593,22
V4W 2K4,2
48036,20
33525,10
34108,4
49770,10
95821,24
92103,2
31833,4
56009-111,2
94086,6
60444,2
15220,2
L1C 1H1,2
32303,14
64154,10
52242,4
95032,8
30052,32
40511,14
83203,2
45831,2
14226,10
46743,4
37135,10
43013,4
3885,4
72210,4
61074,2
91006,4
34237,6
85328,2
7034,6
75855,2
29692,4
V5S 3C7,2
28315,8
7073,4
28634,6
53128,4
76010,2
84721,10
62226,18
85305,2
33567,4
80132,8
7728,18
55127,16
75407,20
43310,4
98579,6
19508,4
60302,12
72713,4
15461,4
8840,4
32966,20
44216,6
23220,2
38557,2
78011,6
54479,2
75246,2
67214,8
90604,4
30814,2
21207,2
34285,12
77327,4
T0K 0G0,2
15333,4
27539,8
33812,16
54484,4
43431,4
72206,4
48383,12
54824,4
89431,4
7620,2
65802,22
48083,8
79072,20
71105,2
49249,4
28805,2
48197,18
8736,6
64024,12
60172,16
46806,10
15410,2
28379,6
T8W 1A2,2
78070,6
53548,6
53545,10
42348,2
2835,2
80513,4
61874,2
63105,12
29485,30
55802,2
94404,26
1966,2
52753,4
85705,2
47712,6
32861,2
46324,6
80203,8
30577,8
19808,20
1420,6
60126,26
28555,2
49546,18
31061,24
37871,4
54935,8
98047,2
35645,4
46804,22
45701,22
78648,4
91320,12
23168,6
64131,10
80002,8
29566,10
34741,18
28211,18
85236,4
40740,4
97838,32
36278,2
80229,10
33579,20
32958,4
80221,14
49236,2
53154,26
32804,4
93309,12
15062,2
55092,4
60558,6
42055,2
95926,16
32810,6
7446,6
77070,8
22003,4
11003,2
55963,2
95661,12
60625,12
99216,16
18504,4
29412,22
31645,6
29335,2
83350,4
44102,8
33484,4
48179,2
78003,4
63362,12
46035,2
35160,6
60021,4
45322,14
97056,8
43128,2
33714,2
48042,18
64118,34
27959,2
3045,4
23226,6
29861,2
85301,18
56232,2
8009,4
98092,24
46077,16
55413,6
V4L 2A6,2
82836,4
53215,8
44312,6
78231,12
83703,4
T6J 4R8,2
60502,16
24151,2
37055,20
6614,6
96955,2
43212,16
48054,4
27127,12
55944,2
67864,2
46516,14
46947,8
37331,4
98642,8
95416,2
47246,2
75240,2
48146,20
95138,2
23452,28
31216,12
50047,2
46552,4
32550,4
52640,2
49328,4
29483,20
35954,4
60551,6
41091,10
32821,8
V1P 1K3,2
56082,2
21075,4
77536,4
62278,12
6002,2
35541,2
17051,2
67337,2
29369,10
38401,38
27021,14
87508,6
97504,16
7748,6
21146,2
29829,2
23605,2
30088,4
37950,2
70663,2
56162,2
38018,2
35040,18
70461,2
31320,2
68048,4
15427,2
33704,2
86032,2
75234,6
15216,16
60070,2
93422,18
56045,2
35619,2
43613,20
67110,4
38674,2
56132,2
1830,6
V2X 2Z5,2
T2J 0P6,4
85201,32
7410,8
67846,20
50569,2
92865,2
93065,10
92058,8
95123,2
79508,2
75604,8
48051,34
37153,4
45152,10
95616,12
37187,4
59808,16
72404,10
53017,2
28212,6
89044,4
14224,8
28114,6
46038,24
27609,12
46260,12
V3G 3A1,2
8360,6
60010,18
61413,4
23112,44
37087,26
8052,8
95648,18
66604,14
40504,8
60108,16
66027,2
61764,4
49065,2
28739,14
46793,10
77532,10
89419,4
15679,2
95219,4
40390,4
36786,2
48861,2
8026,2
31901,6
55987,12
94533,12
66102,4
40701,10
36280,2
83237,2
37705,2
31792,16
91354,6
19001,10
78659,2
37711,4
32060,8
64656,6
99218,6
97060,6
50461,2
46528,20
60516,20
53207,14
83316,8
3810,6
33461,2
75146,4
44514,14
85033,10
60191,8
21087,6
72758,14
25526,14
27262,14
2035,2
49080,6
78118,6
78418,2
27455,24
19609,4
72086,10
50662,2
60181,12
86442,16
94559,10
53186,8
61284,4
76240,10
7508,4
48884,2
17552,6
38201,2
63125,16
1027,6
55902,18
78654,20
62704,20
46928,4
18064,4
32803,6
46747,2
63367,18
48215,2
49112,14
92037,8
66835,2
52761,20
L1E 2B4,2
43003,4
52245,6
97230,8
52339,4
30322,2
41075,8
35616,4
32614,2
T1S 1R5,2
L3M 2M7,2
23453,10
76013,10
30908,2
52802,2
33065,6
80620,8
34287,12
76643,10
37209,14
64050,12
8510,2
56621,2
81601,14
55109,28
44003,2
50226,2
19526,6
49015,10
55337,28
17821,4
49229,4
48458,4
20009,2
63379,12
87185,2
63456,4
67211,8
55344,10
55433,28
37681,2
66214,8
80004,4
24551,16
78744,4
62052,4
21113,12
50317,26
27939,2
63552,4
78201,26
76028,18
79065,2
6320,10
23665,2
56262,2
97113,10
81041,2
98229,8
23703,14
31405,6
62711,6
30253,16
55374,12
17538,4
93940,18
76034,12
83301,30
68005,10
99567,6
60201,10
31525,6
17019,2
80807,2
8033,8
31558,2
55075,8
73045,4
28762,2
54481,6
19067,14
77406,12
21601,18
45052,2
98501,14
55455,4
46107,12
44851,6
6092,2
28779,4
35976,14
32940,16
53405,4
28731,8
75075,8
8816,12
7078,2
75052,34
32348,2
8302,2
50263,6
32856,2
20105,2
60012,4
48025,10
43119,16
28115,16
93063,6
54165,4
93454,4
93955,8
15122,6
92630,6
32547,2
17327,2
45505,24
30559,2
27712,10
7083,4
49048,8
97114,2
30256,2
32193,2
37919,10
80215,6
T3G 4G4,2
75773,2
76210,18
T3A 5K4,2
50028,2
59403,10
35206,2
60913,2
80241,18
45331,14
48145,2
85707,2
1060,4
78870,2
43912,2
46050,2
3833,18
8844,10
44688,4
63047,2
18321,4
45164,2
99009,4
80422,2
72714,14
32754,2
46278,4
L4W 1M6,2
17752,2
28761,6
90011,2
3064,6
87549,2
62037,2
92252,2
80233,20
S4V 3V2,2
24540,4
44215,6
43125,4
L0L 2L0,2
L1K 2T1,2
46131,28
98208,16
28467,10
28304,6
98237,2
44440,4
31047,8
24293,2
75422,2
35953,4
68503,2
33803,6
50219,8
46240,12
63033,18
1583,2
46767,4
30560,4
94618,2
23237,6
21774,4
97846,2
L8W 1W5,2
1720,4
17857,2
83214,4
56633,8
73106,4
35096,4
85736,2
16827,6
60634,8
30904,2
38125,4
55328,10
95658,2
27592,16
48138,8
98021,18
37830,18
85085,4
21221,14
3110,8
48236,8
18452,4
44142,8
43616,6
N2K 1X1,6
67579,4
30248,12
60487,18
40505,10
L1T 2N9,2
66205,6
63040,6
T3H 3P8,2
45154,18
8330,6
64089,2
28659,4
98570,4
22443,2
97003,12
34667,2
15456,2
L5A 2S4,2
98125,4
99210,2
14059,4
46755,10
48183,12
37921,10
49506,22
34210,4
84738,4
97006,28
32820,4
43357,4
T4C 1B8,4
43104,2
61107,16
76120,10
15137,8
63755,16
76065,20
93505,2
55417,18
75042,8
6489,16
35749,12
93933,4
23321,18
48040,12
8046,2
47342,2
30076,20
83858,8
25428,6
28528,2
62691,4
46814,8
89144,14
34224,16
37882,6
46041,18
3874,6
68508,4
L1H 7Z5,2
60559,10
35504,2
18045,4
76182,10
43046,2
63015,2
44118,2
23113,22
13077,2
45856,2
46380,4
2090,4
17356,16
28098,8
L1S 7S6,2
45868,2
78016,4
44830,12
60190,6
67212,24
49408,6
20112,2
67218,2
94514,2
48504,6
59922,2
45420,20
53202,24
96706,6
60532,16
34450,2
49120,8
1436,2
92618,2
62515,2
91702,8
1834,4
85255,20
V1M 2P9,4
92081,2
53406,8
27025,4
15701,10
50105,4
49098,4
23824,4
49519,24
24212,2
44280,2
3052,4
76006,12
53211,6
32773,6
40361,4
60608,8
77346,18
76117,2
40007,4
85050,4
92082,6
37854,8
55419,10
92065,4
N2A 3T3,2
32224,12
95014,12
7401,12
94040,10
11763,6
32771,8
27504,6
92586,4
75409,18
43549,2
66869,2
78758,12
95374,4
44801,2
55385,4
93906,12
L4X 1T4,2
67204,12
44632,4
16125,2
32409,4
44705,10
22101,6
32808,2
10598,2
32055,4
64152,8
45244,16
29626,12
27562,2
27018,4
81005,4
30830,16
V3L 0V9,4
24014,8
28086,6
32164,4
50542,2
77859,2
53532,2
27041,2
37309,2
29676,8
27012,30
44126,12
45334,4
28594,6
35810,6
28166,14
78589,6
48193,8
35209,4
83669,6
V4T 2X1,2
55088,4
46563,10
75040,10
68046,18
29661,4
46127,4
48187,24
44718,12
40422,14
95742,6
93110,4
42044,2
53821,2
65201,12
76020,18
37303,2
96322,2
47346,2
91915,8
45710,2
17408,6
23801,16
43206,6
75433,2
55991,2
43107,6
35674,8
1604,2
16502,6
38017,6
44641,10
19038,2
V32 0G2,2
89121,22
98684,14
29431,2
92647,4
97402,30
34205,8
84070,8
45390,2
27808,2
22151,2
63052,20
L3M 2N2,2
46635,12
81503,6
56345,14
90807,2
72501,2
28037,12
81505,8
44306,4
18360,6
33976,2
30507,4
72756,6
58504,10
90630,2
89445,4
94513,18
3062,6
53085,12
61938,4
1460,2
21903,6
80232,12
71409,2
33426,16
53144,4
50003,6
89502,8
16635,2
54115,20
44131,12
64016,2
81423,2
62670,4
14221,24
95336,6
80109,10
80424,2
56356,2
32207,2
16127,2
85239,4
33843,2
77072,2
44428,2
28326,10
30740,6
14215,2
64034,8
60585,16
19094,4
10505,2
62040,10
98498,4
53713,4
92860,4
17602,10
77493,6
81403,4
L9G 0A9,2
97503,4
34208,10
29212,12
91914,12
28374,8
L1Z 0K5,6
3104,2
61832,2
40233,2
55306,4
64850,6
84060,4
14218,2
56241,2
74050,2
73003,20
77489,2
34788,4
48118,8
57745,2
15024,8
27715,2
76905,2
55750,4
52333,4
17961,6
50014,30
80237,10
78405,2
73152,2
48239,2
95037,6
33770,10
44321,6
54603,18
29403,4
97862,2
80402,2
30307,18
53103,4
60421,2
31031,8
42748,8
31008,8
27207,2
72019,6
19070,6
63623,2
55317,12
31510,2
25045,2
63112,4
37090,4
48377,4
63127,8
94565,2
60050,20
78203,2
74447,12
80030,2
32118,2
6484,6
48473,12
8520,14
92688,18
17225,2
37771,22
35802,12
34689,20
77077,36
35905,2
13323,2
22580,2
49521,2
22602,10
45223,4
29620,2
46617,2
76657,4
17324,2
47390,4
24012,14
28709,2
59330,2
43986,2
23118,2
64492,2
28557,16
15022,10
50234,2
17545,12
10940,2
61241,2
28138,10
8060,2
76446,4
31009,2
61734,4
35243,12
3908,4
85016,14
61434,2
61081,6
76776,2
17316,2
62221,6
78404,16
L4A 1X6,2
15656,4
2746,4
77904,4
29631,10
31643,2
49426,18
7416,2
98230,2
49078,8
89179,6
10502,2
72762,12
8757,6
75080,2
48422,6
19115,2
75462,4
75223,2
37405,8
85713,20
20715,10
23294,6
35115,8
49348,6
93901,14
28457,6
33435,4
77388,12
79904,2
16602,2
12941,2
93245,2
46909,2
30042,2
48320,2
54952,6
55435,6
85388,14
7751,2
31601,2
47274,4
62234,8
62258,4
L1P 1S3,2
15241,6
97741,6
48310,20
63116,10
63070,6
45346,2
30258,2
L2M 7X1,2
92091,2
54947,2
79412,2
65014,2
31757,4
55080,6
60146,6
49087,4
21015,16
62249,8
30161,20
79106,6
61455,12
30338,18
60438,2
8244,2
58203,2
61064,2
75252,6
61866,2
73162,4
23860,10
59030,2
92879,16
42223,4
8810,2
61102,6
92532,6
15033,2
45850,2
44013,2
55917,2
50438,4
47369,2
7663,2
3868,6
29223,10
83334,2
37215,10
35403,2
62088,2
29728,4
62966,6
28714,4
10590,2
78716,2
52405,14
78108,12
21502,2
23229,6
T9E 0P5,2
43011,8
60025,6
V4N 5W1,2
76103,4
40160,14
85396,18
77478,2
48001,4
2649,6
85331,22
47038,2
62838,2
77372,6
32073,22
38476,2
80223,6
1730,10
35073,2
18976,6
14223,6
71901,18
55101,2
34442,6
97361,6
63390,14
45213,6
29617,8
66112,18
75023,16
68723,2
21085,2
54902,6
49759,2
60074,16
92007,2
17580,2
37938,4
45434,10
53965,18
37329,2
23120,10
72802,4
32204,2
92801,4
73112,12
76549,24
85354,4
12571,2
60030,14
32579,2
99207,18
1731,2
72704,10
43205,2
L0E 1T0,2
48529,4
41030,6
44644,8
98258,2
28625,10
23879,2
21901,12
75169,4
45241,8
6460,8
65401,18
V3V 7E7,2
27591,8
48463,2
73108,4
48059,10
87420,4
37721,6
44505,6
92508,12
32615,14
18049,8
78242,12
75228,4
49302,4
67118,4
85704,14
85534,2
50144,2
80631,20
63044,10
30620,20
37659,18
28778,2
60089,22
V3Y 1E9,2
34739,2
29374,4
97209,2
15108,16
44677,2
97068,14
16101,4
8021,4
17547,2
75048,6
94117,12
27893,10
66064,2
42765,4
53130,10
46341,2
19342,4
33062,8
44811,4
75839,2
68102,2
L2R 3E2,2
54634,2
50320,18
67215,2
60104,2
32819,12
53184,4
66204,16
8088,2
92129,14
60061,10
55302,2
14623,8
33413,2
54002,6
85323,20
46391,6
80911,6
96789,2
37912,10
40014,10
45237,6
96761,2
15672,4
63042,4
47348,2
83619,2
66508,2
72034,10
15670,2
44028,4
19380,18
59635,2
98335,8
46164,4
42378,2
72106,4
35962,8
22701,2
K9J 2B6,2
33612,8
56028,4
94066,4
17331,14
98247,2
3869,4
55357,4
78605,2
79936,8
66868,2
7712,6
24557,2
59106,12
87801,2
63104,6
37909,12
92606,2
85244,2
84601,8
92656,4
55806,4
54619,4
50315,22
45202,8
78156,2
49518,2
44906,12
45409,4
52553,2
55421,6
19963,4
33905,2
V3T 3V6,2
41653,2
46303,10
33852,2
23609,2
35633,6
1432,2
56630,2
98028,16
R5H 1H5,2
1033,2
54739,2
77375,28
47448,6
37891,4
21660,2
72121,2
61747,2
75063,24
62254,2
75219,2
49326,2
6107,2
L4S 2E5,2
98109,6
95815,2
2766,4
T5X 4S7,2
93101,2
29649,4
75602,2
55129,10
62684,2
48130,8
21227,12
48439,20
7724,4
28804,20
19116,4
15234,4
77581,16
30734,2
94501,8
80216,6
90005,4
83713,6
77905,4
61736,4
23434,18
41007,6
33620,2
60431,8
46167,2
49720,4
20171,6
L7T 2J3,2
17098,2
63074,10
44139,10
53033,2
80222,10
53402,6
41093,2
L2R 6P7,2
28469,2
93292,4
29372,4
17364,2
79604,2
7702,4
97814,4
47115,4
50252,2
37030,4
20166,4
99133,2
98274,4
V1B 3B3,2
83848,2
8577,2
41094,14
48067,10
45822,12
98584,2
57339,2
74132,2
76550,8
29627,14
75038,6
68763,2
27349,4
18324,4
33763,14
48301,8
48917,8
68748,2
60447,10
63347,2
53508,6
73128,6
80816,6
1376,2
94526,10
43150,2
60084,4
60439,10
75238,8
60457,4
76049,12
74129,2
90605,4
62246,4
44509,4
26501,2
95060,14
29040,6
33330,6
V7L 4X9,2
35120,6
34669,8
38655,8
L9T 3J8,2
95360,6
28314,6
45327,6
4107,2
V3S 9H4,2
32080,8
95621,12
68002,2
19938,4
27817,2
63348,8
7866,2
92411,4
L3X 1N3,2
94111,2
14127,8
47403,16
29153,2
81252,2
92805,2
26060,2
30341,8
72401,18
43443,2
66601,2
7856,4
35957,10
91202,2
L0K 1B0,2
33156,2
21158,4
35135,2
60013,12
54742,4
12077,2
91762,6
80249,12
23140,2
34742,2
60462,10
98070,2
24017,4
61727,2
76012,8
43152,2
29646,6
33315,4
29163,2
89027,10
60638,8
95901,2
37048,4
3278,2
94089,6
47265,4
56081,4
98115,8
38058,6
80808,4
K9J 3H5,2
78017,2
35950,12
79358,2
99587,4
84328,2
64138,4
56071,10
56449,2
80108,18
72701,18
5,2
T9E 6A3,2
83805,2
43527,4
48808,2
54913,8
99204,2
783,2
30263,16
27030,14
29168,2
95407,12
62712,4
21239,2
84604,4
21034,4
23934,4
33463,14
16417,2
98002,6
54616,2
80025,2
98271,16
28146,30
51554,2
30683,6
30238,10
45368,4
74350,2
95965,12
36561,2
84405,14
60076,4
73069,10
55386,14
43143,2
49220,4
48328,2
27518,6
7840,2
27214,4
77018,2
33193,4
44425,2
73401,2
55906,12
55073,4
39475,2
21911,8
48322,4
85251,16
67219,4
54489,2
61080,4
95631,6
29841,6
97205,6
98036,6
85250,12
73015,2
6473,2
97882,4
83814,8
32257,30
98059,12
43515,2
75460,6
95823,2
12054,4
97525,2
92346,6
92083,4
46234,4
74047,2
28754,4
17815,4
85658,4
46538,4
33953,2
21163,4
55972,2
46222,12
98257,2
76053,12
29666,6
19083,4
6096,2
72205,6
L6J 7N6,2
43219,10
43844,4
97128,12
95062,8
78163,18
42518,2
80439,4
17801,6
5315,2
85306,10
8610,8
22508,4
93105,8
V2X 8A3,2
77954,2
23889,2
73054,2
77302,6
31411,2
34652,12
97055,10
53168,2
84757,2
62360,2
52807,6
31811,2
56676,2
77437,6
83661,6
76426,4
20152,12
89701,2
30337,2
29080,2
37322,2
32781,2
78119,10
73064,4
61920,8
86312,2
43907,4
34288,12
15017,6
60527,4
32901,2
97239,2
32317,4
94521,4
98043,8
N2N 1W5,2
59860,2
95006,2
30139,6
17315,10
44429,4
76134,8
22554,12
53519,2
33411,6
41002,4
T4X 1J2,2
53172,10
32570,4
45205,4
L3Z 1E9,2
94002,6
85240,4
22630,2
57719,4
94518,14
19403,18
36609,4
28697,2
92675,4
75092,6
55013,6
98045,4
87551,2
21229,6
49008,6
30179,4
80228,8
69336,2
16801,2
T6W 0Z7,2
75114,4
49706,2
87110,20
6477,2
85042,10
72472,2
48359,6
26931,2
46933,2
47163,2
59443,2
98512,24
61501,4
60031,8
8628,6
64110,2
49444,6
33498,4
63115,2
63780,4
N2A 2E1,2
55376,14
62063,4
46205,10
97222,8
90815,8
80503,12
T6W 3M9,2
72120,8
37098,4
21030,18
63670,2
97051,10
16511,6
44056,10
95669,6
45380,2
43725,6
44303,2
86004,22
28759,10
53022,18
37204,6
87024,6
53212,6
34212,2
40175,6
60185,8
29325,4
44875,2
2910,2
53183,4
V5H 4R9,2
19966,4
8028,4
12157,2
17584,4
60669,2
62075,2
46347,4
65081,2
97754,6
60915,2
33433,2
21157,20
95687,38
26386,2
15209,4
60115,2
55116,26
26062,6
7501,2
68862,4
78065,4
10116,2
31768,10
89119,10
59644,2
65604,2
31907,2
35773,4
74106,2
34275,12
31006,6
94553,16
77031,2
28333,4
34601,2
56011,6
49440,2
30538,4
37072,10
64804,6
78633,18
65616,10
2719,2
56338,2
29209,4
36445,2
44681,4
61006,4
64056,4
84067,8
48436,4
50668,2
83876,2
1468,2
35178,2
40507,2
17872,2
35222,2
28344,2
98034,12
15360,2
67235,4
55713,2
7853,4
54738,2
65203,16
37141,2
61341,2
14072,6
85603,4
33619,4
32789,6
8854,4
30747,2
46201,12
46783,6
47040,4
41001,10
L8E 5C5,2
19343,4
93203,2
V3S 1R5,2
61523,4
50036,8
L1N 5Y4,2
90720,10
30108,2
46939,2
33898,12
29506,2
84606,8
94566,8
84715,2
81151,2
95829,16
73025,8
80918,18
48088,4
28428,4
21651,2
66227,6
60173,2
38506,4
V9V 1L4,2
44095,10
L2M 4Z7,2
67052,6
45644,2
97213,4
56677,2
94789,2
84042,4
33809,4
60145,2
97071,4
66053,2
58054,4
40043,2
28480,2
50009,12
40342,6
62615,2
37307,2
53233,2
33971,6
6119,4
44905,4
L2S 1Y9,2
39845,4
45656,2
58207,2
66605,12
47320,4
44310,8
1440,8
80514,4
75418,2
67039,2
98116,8
33876,2
49042,2
61283,2
48855,10
40744,12
30565,4
48336,10
79382,8
36064,2
T6J 4K6,2
V1P 1N7,2
39819,2
28088,2
48314,10
8230,2
22401,4
77640,2
32426,2
53072,4
53021,4
48023,4
56016,4
8876,4
97236,14
61528,4
40489,6
44223,10
15135,4
78228,36
15952,2
37419,4
37323,16
47106,8
V3Y 1T7,2
76689,2
15214,2
55005,4
54937,6
55352,8
48346,18
61607,4
8759,2
75504,2
14612,4
77075,4
37738,4
76248,14
3465,2
16878,2
21215,4
6854,2
33562,2
48321,2
62960,4
12209,2
23086,2
57032,12
68104,14
V3B 6H3,2
3044,10
30456,2
54625,2
35130,2
99201,2
29605,10
76367,2
92545,4
54721,2
52747,2
93304,6
48098,16
87015,6
32129,8
81144,2
23464,18
3820,6
44511,8
42420,2
T2X 0K1,2
32908,4
99645,18
36310,4
29332,2
32905,8
95035,4
2888,2
30705,4
91326,2
7731,16
23116,12
74108,4
37860,2
80645,2
29138,2
76640,4
46342,8
14526,4
78256,4
19607,4
98010,2
54720,6
33333,10
63461,4
T1K 3Y5,2
45066,16
49453,4
61778,2
48079,12
56443,2
7461,4
L8B 0R5,2
31316,4
41528,2
47859,2
37757,2
45212,6
T6K 1V1,2
1581,4
62521,12
29376,6
78537,2
68134,10
28711,4
43617,4
33076,6
56187,4
46570,4
6370,2
53549,2
80219,12
98444,6
18616,2
98118,4
15644,18
30126,4
37203,8
8106,4
30707,6
47386,4
80421,4
V2V 2B8,2
93447,2
29472,2
3835,2
52773,2
90623,4
91775,2
97378,4
55346,8
7470,8
43566,4
85630,2
30276,14
53589,12
4105,8
97224,10
85321,2
72432,6
58554,14
63740,4
55045,2
38023,2
95361,2
86426,4
32736,6
8344,4
19055,4
16627,2
95130,4
58324,2
61525,6
33548,8
78838,2
98686,8
43845,4
44270,4
53121,12
37338,4
63090,8
L7A 1R9,2
68133,4
99623,6
67016,2
45638,8
21028,2
85051,4
83877,4
46202,12
95370,6
56468,4
95132,2
L0R 2C0,2
33031-6,2
94536,8
1610,4
43338,6
19543,4
30813,14
60133,14
V9P 1H5,2
30000,2
78411,14
V3T 2R9,2
57075,2
81435,2
67208,6
67210,4
91011,4
66839,2
78957,6
83221,8
79925,10
44849,2
24179,4
58785,2
17340,2
V9M 1R9,2
34221,6
94010,2
95620,2
76936,2
28070,2
61953,2
85020,10
35006,2
61723,2
V3L 5B9,2
68037,2
6516,14
62016,2
92506,12
61876,2
36869,4
54963,4
L4G 3G9,2
92057,6
48306,8
T2E 1N8,2
61065,6
48003,2
90041,2
L1G 1L1,2
48189,2
35405,2
8596,2
35739,4
99223,22
72730,6
52748,4
T9A 8L9,2
48062,4
72801,4
42274,2
28466,2
31066,4
75109,2
80235,8
64429,6
45325,2
61871,2
V3W 3Y5,2
30635,6
45506,4
38134,6
75069,14
94954,14
8690,6
28341,2
29697,2
30701,16
1527,4
00000-000,2
46140,14
52537,6
48842,4
98665,10
45406,2
80033,10
97292,2
80751,2
28607,18
44275,2
55114,2
56470,2
57006,20
95354,6
98329,4
68107,8
33073,4
V3S 5R5,2
30633,2
60922,4
84108,18
30175,4
33534,8
66860,2
45419,6
30339,12
45015,4
38002,4
47868,2
16059,6
48602,4
T4B 2W7,2
7436,2
94572,2
49099,4
68132,14
33460,2
94043,2
48006,4
59521,2
99013,2
38230,2
90401,2
73102,2
L6E 0P9,2
78046,2
42376,2
79835,2
29568,6
19145,2
62285,2
63021,20
63131,16
L1H 1Q1,4
39211,2
48144,10
86409,6
44123,8
81641,2
45410,2
75116,2
1930,12
89137,2
82072,4
48039,4
33180,2
77035,2
62334,2
84319,6
8721,4
73049,2
48340,2
28371,2
95818,4
35127,2
27239,4
27546,6
99354,2
50469,2
63383,8
73762,2
47231,2
32669,20
28107,8
60152,8
25701,2
32320,2
7843,4
32233,4
48911,10
97101,4
62859,2
41080,4
V4X 2S7,2
33762,2
87112,18
21629,8
32611,2
95409,6
37027,38
78727,4
32063,2
20164,4
64865,2
60706,2
43764,2
21136,2
48846,10
30236,4
2790,6
44444,14
14618,8
L4G 1W1,2
76040,4
59934,2
92025,10
98445,8
30735,2
L1R 1Q1,2
54209,2
42211,2
78028,30
72417,4
78501,2
62033,6
85009,10
44484,8
30259,6
66056,2
80247,8
73078,6
75187,2
N2K 1X0,2
80204,8
52625,8
44614,14
85007,2
19962,4
62681,2
L1M,2
49307,2
95377,16
83712,8
61073,10
38120,2
V9W 2B1,2
97210,4
35223,4
92119,2
89012,18
95969,2
98362,4
75789,4
17087,2
80006,2
3063,6
95617,2
85080,2
40402,2
68637,2
54457,4
54241,4
23518,6
49060,2
85381,10
19947,10
1089,6
38571,4
15221,4
46504,4
46952,6
55734,4
54810,4
67152,2
28303,6
83234,2
23314,4
T1H 1V8,2
93747,2
64430,2
20158,2
57068,2
68106,8
19301,2
55301,6
57064,4
86351,4
41097,4
60097,4
47006,6
49038,2
68328,2
34479,6
92019,4
93650,2
23669,8
95225,2
65610,2
68122,8
95912,4
76039,20
29014,2
94509,6
31064,4
42712,2
45697,4
T3B 5W1,2
L8E 0A9,2
45459,14
45879,2
62034,6
32024,2
94523,10
32351,2
48005,4
14454,4
43938,2
92707,8
95001,2
75119,8
15145,2
43540,2
87107,6
5446,4
27263,6
29624,8
92557,4
32311,4
98040,14
6109,10
54667,4
48872,2
57445,2
34114,4
L6S 5T5,2
14877,2
31605,16
84045,14
49301,8
77338,6
50568,2
43608,6
35022,4
54747,2
30739,8
17922,2
93727,6
43076,10
78564,2
48093,10
N2M 3A7,2
83110,2
V1Y 9N6,8
35085,6
78069,2
V3P 4P1,2
45050,16
33948,4
59304,2
T5E 2S2,2
33966,2
49690,2
33527,6
97497,2
77447,2
45885,12
46773,2
32640,2
17366,4
95368,2
32128,6
93465,4
19950,4
73052,4
45335,8
V1W 3H6,2
78233,14
21632,2
16055,2
46039,6
53188,2
89156,2
L5W 1K4,2
48022,8
50060,2
45449,8
95388,6
98407,4
55338,2
62264,2
34233,18
83271,2
L1K 0H0,2
60314,2
31705,6
50423,2
98531,14
8852,4
29445,4
48829,2
16423,2
35023,2
29457,4
34747,6
53222,8
34251,4
46310,4
95010,4
54495,2
43528,8
44827,4
30021,2
75662,2
64748,2
3060,10
46075,2
48642,2
77522,2
60550,2
2332,2
V1V 1T7,2
29321,2
22911,2
56282,2
46254,8
36549,2
34488,4
57073,2
76708,4
45065,6
83676,2
95209,8
52801,2
48864,6
91765,2
28016,4
40502,4
97078,4
96122,2
46173,2
27973,6
94539,8
44512-0,2
95608,16
27807,2
30214,6
95131,6
25413,4
89703,4
75472,2
80010,8
45426,4
45882,6
17360,4
L4X 1L4,4
54613,4
63389,10
40514,4
95003,6
55316,18
61053,4
1752,10
51521,2
43545,4
83427,4
48509,2
56257,2
90018,8
61364,2
45891,6
22551,4
95666,4
53046,2
47353,2
T2W 3C4,2
48166,4
48043,6
8902,4
7069,4
90740,6
98439,2
75225,2
97013,4
75065,8
60008,4
18069,4
27325,2
91001,2
42166,2
82716,20
30340,2
78212,6
6410,8
89134,10
79902,2
94401,4
22485,4
40380,2
44266,14
46534,4
98004,4
77477,4
46572,2
93722,6
61568,8
85552,8
29375,2
37026,2
55396,2
55335,2
62618,2
66517,6
14051,8
V4N 5G3,2
80603,10
85344,2
77381,8
27976,6
79502,4
56554,2
48891,2
94070,2
8012,8
17321,2
66092,2
92247,2
98104,2
28012,10
56039,2
79414,4
97351,2
28097,6
97389,2
68015,4
92027,8
32920,4
19131,4
21409,6
21813,2
7060,2
99506,6
17344,2
19154,2
16025,2
57104,6
92503,4
30016,22
33331,4
57718,8
26160,2
37645,2
32968,4
21009,6
26451,2
63769,2
68410,2
21703,2
75081,4
62288,2
44870,10
94303,10
15366,2
21219,2
77065,2
44122,14
29718,2
50647,2
49262,2
54444,2
35614,4
33596,2
47460,2
8037,4
91502,2
16442,2
31635,2
85087,6
48838,12
33853,2
25003,2
77084,2
52591,2
62237,2
14620,2
72764,2
49040,4
53574,2
46208,8
L6C 1S5,2
68901,8
45227,4
T2Y 4N6,2
34109,6
76119,6
36301,8
16504,6
T6R 1Z4,2
63089,2
8225,6
79510,4
96725,2
61459,2
66103,2
35473,12
61019,2
92337,18
72223,4
27052,6
42261,2
97141,2
95134,4
60466,4
28127,6
78264,4
8830,2
44853,2
77371,2
99006,10
37658,2
76060,6
47803,12
20001,2
33063,4
43220,8
7747,6
53716,6
60465,4
42167,2
46507,8
8540,8
97448,2
79252,2
79907,2
28023,6
60178,8
34736,18
18969,10
44254,2
46637,8
46553,4
49033,2
30165,4
96795,2
60192,4
29204,8
74074,2
73122,2
46011,18
67213,12
52655,2
29042,2
32428,2
78210,6
34476,6
81224,4
T8R 0A5,2
45311,2
80654,2
21657,4
65804,12
85145,2
80305,8
43227,4
V3T 4T3,2
T1K 3H0,2
75039,4
76111,2
44662,6
76018,4
8049,2
92277,8
65672,2
1952,2
45326,2
48106,2
10017,2
54858,2
32117,10
87154,2
43215,2
43462,2
8098,6
98662,8
62049,2
78052,8
47250,14
32618,2
49079,6
40059,12
66503,6
95413,2
95960,2
V4N 0Y9,2
11554,6
87825,2
17963,2
75054,4
61354,4
32127,6
60445,4
60042,4
72360,2
65345,2
18960,2
93581,2
10175,2
77802,8
L6A 2J6,2
58106,2
95665,2
60656,2
16037,2
56579,4
36867,2
44089,2
60087,2
23075,2
60490,6
66141,2
48421,4
52347,2
98446,2
79413,2
32818,6
11010,2
35816,2
75402,6
19943,6
65259,2
10589,4
98146,2
28742,2
71459,2
34145,4
33756,6
54868,12
15026,2
51551,2
62958,2
L9R 1V4,2
15219,2
40831,2
82727,2
61013,2
94112,2
33605,2
18328,6
94612,2
19960,2
78674,2
68117,2
50166,2
30206,6
47172,10
29927,2
27248,2
65248,2
98203,2
15458,2
53214,8
85718,2
55943,2
75181,6
L1K 1T4,2
30336,2
64080,6
97089,10
94564,2
78015,6
94037,2
97267,6
47941,2
76559,6
T4X 1A5,2
8723,8
44420,4
84415,2
85015,16
48875,2
82902,2
77345,4
19060,2
62420,2
57047,2
94582,10
75712,2
35111,6
74019,4
37096,2
60610,4
17402,10
80908,2
37034,2
44094,8
85284,6
7726,8
57071,2
46186,2
50225,2
94702,2
61310,6
89120,4
17601,12
17566,2
8084,2
28553,2
76106,2
80520,8
21801,2
27624,2
89146,2
20646,10
72632,2
34756,2
N2E 1X1,2
63012,4
V3E 1K6,2
40379,2
48623,2
25510,2
47557,2
85737,16
73142,8
55445,6
7950,4
26134,2
8051,2
44103,2
27377,4
7032,4
17053,4
79908,2
22222,2
2893,4
52738,2
53963,2
77305,2
89891,2
52246,6
60432,2
3042,6
24586,4
76085,6
65453,4
38483,2
8083,12
26415,4
V5H 2K9,2
62935,2
98626,10
18702,4
62629,4
45556,2
43071,2
76825,2
34984,6
36850,2
27344,2
21704,2
31905,8
33155,4
7020,2
68007,4
8505,2
95129,2
11949,2
92009,8
49271,2
77612,2
21821,2
74131,2
76058,10
95864,6
27701,4
64076,8
85268,8
76711,2
72167,2
63084,4
46013,16
61924,2
83636,2
24458,2
6335,2
29054,4
K9H 6K4,2
45623,2
75704,6
80643,2
45383,2
15445,4
32444,2
54180,2
89429,8
47036,2
29706,2
30230,4
40023,2
46069,4
T1X 0P6,2
90262,4
30324,4
33478,2
53090,6
44047,4
56216,2
44081,8
2743,4
54301,2
98390,10
2576,2
T3M 0J5,2
T2W 4N8,2
47591,2
74429,4
15368,2
8817,4
L2V 3K5,2
72127,2
75209,2
33027,10
T2X 3Z4,4
28206,2
32766,16
8109,6
60611,4
66007,4
81659,2
75241,4
30309,2
98117,4
61614,8
42051,2
30711,4
T6G 1H4,2
21154,4
75497,2
34120,8
18641,2
33324,4
35452,4
15010,20
32401,4
79601,10
L3X 3R7,2
97701,6
97437,4
17512,4
26330,4
90501,6
85299,2
98902,2
35044,4
48229,4
19807,2
98296,6
55319,4
75167,2
27801,2
80102,2
7921,2
48192,8
95210,2
48117,6
33767,4
97381,4
47429,2
24073,2
50674,2
T3E 7R2,2
32148,2
15132,8
22042,6
60803,2
46761,2
75103,4
72847,2
50129,2
48169,6
95382,4
33872,6
36276,2
98555,2
61020,2
16050,2
32680,2
37134,2
62294,4
47586,2
38326,2
T1K 2Y2,4
98133,4
94579,6
30217,6
43793,2
46701,10
87417,4
V4N 1H4,2
2882,2
44241,18
59802,8
30536,4
95425,2
46036,4
19473,2
83444,2
V5A 3P8,2
27258,2
50311,8
81623,8
81007,4
37917,4
16033,2
98620,6
50675,2
15202,8
37367,2
86333,2
83655,2
61490,2
6810,6
T6X 0N1,2
41008,2
70503,2
48092,6
1107,2
6844,2
49684,4
94121,2
31312,10
46228,12
78611,10
77422,2
89124,2
48851,2
73012,8
66401,2
43348,2
75495,4
V2W 1C9,2
L4B 3W2,2
45160,4
90732,2
7423,4
43447,2
15217,6
33545,2
97206,10
40211,4
76904,6
17813,2
63121,4
28801,8
44217,4
32714,24
92115,2
43103,4
62263,2
48357,2
19701,8
79603,6
8056,2
32567,4
T8V 4N4,2
18013,6
97424,4
46807,6
35466,2
84602,2
96818,10
42071,4
1462,2
29720,8
67002,4
50595,2
15005,2
19081,4
63016,4
98858,2
72104,2
P0C 1C0,2
55102,4
33301,2
60950,4
56336,4
47952,2
46225,8
V9K 1X8,2
29745,6
45122,8
T6X 0B9,2
44307,2
43342,4
28748,2
36587,4
68463,2
7041,4
43072,2
48701,2
56310,2
60523,8
80819,2
37412,10
60503,6
74436,2
80427,2
8755,4
V9C 4G9,2
T2Z 0P8,2
95321,2
85387,8
V2P 6H5,2
44143,6
49419,2
55792,10
42214,2
2816,2
33755,4
93423,2
27301,2
11103,2
L2V 5G5,2
44114,2
75969,4
29340,6
40013,4
79015,2
94024,4
94611,12
98403,2
68502,4
36206,2
15754,2
64078,8
78947,4
74104,2
53004,2
83101,2
31050,2
24148,2
52362,2
85615,6
63435,2
35640,6
54467,4
L4Y 2N7,2
27320,4
61520,12
28478,2
45786,4
8022,2
92124,14
97691,2
36530,2
75021,6
68512,4
35045,4
54001,4
53108,8
89503,12
97439,2
1540,4
76132,6
43058,2
40026,4
62035,2
53206,4
57252,6
60046,10
43001,4
83845,2
37641,4
61534,4
56183,4
83707,2
60617,2
L1G 7A4,4
V3W 1B9,2
64861,2
77067,2
93433,4
3290,2
T8L 0C3,2
57276,2
92571,16
30034,4
27288,18
10956,4
44090,4
78709,2
65584,2
94619,2
46816,6
T4B 0N8,2
69341,8
92085,2
58072,2
58703,4
66788,2
91766,4
62024,2
66088,4
75216,6
14031,2
68128,12
48101,8
28560,6
41015,6
28574,6
98607,4
77384,4
L1H 3R5,2
36567,4
7849,6
68402,2
20678,2
87048,2
60110,2
1605,4
96738,2
64123,2
33317,2
56013,2
27313,6
65560,4
40146,2
57368,2
44077,10
75752,6
52332,4
45003,4
19539,2
28790,2
95605,4
99676,2
8867,2
L6H 4B7,2
98177,2
74135,4
56789,4
7076,8
85019,2
L1E 4U7,2
L9R 1P2,2
61430,4
34983,12
49240,4
6333,4
L9G 0A5,2
98528,2
17569,2
85385,2
94030,2
33321,2
52233,2
32763,10
20136,2
19512,2
61301,6
48240,2
75115,4
66532,2
98576,4
99353,8
19008,2
45404,4
14606,6
8043,14
73135,2
7040,4
37181,2
59919,2
40347,4
19525,2
53538,8
40076,6
27597,4
63077,4
33844,4
46979,2
3281,2
37070,2
44418,2
33837,2
L1G 9I9,2
T3H 5L3,2
18036,6
55404,6
95741,4
31758,2
53228,4
8536,10
49512,10
57003,6
66846,2
41016,2
27522,4
23234,4
48012,2
7836,2
7444,4
15129,2
55089,2
51054,2
82602,2
1844,4
65255,2
75144,2
21102,2
48374,8
46738,6
33881,4
V6X 3E9,2
47336,2
34997,6
55327,4
75087,16
T3H 2X6,2
45646,2
V3H 5H8,2
94520,4
61853,4
60154,16
V2T 4C8,2
43117,2
46543,2
46102,2
92806,4
60018,10
29824,2
33603,8
35593,2
77339,8
K9J 2S6,2
79410,2
49265,2
43771,2
17862,2
V5G 2K5,2
19465,8
73139,8
49289,2
62930,10
28387,4
46628,22
95639,2
55407,8
41073,6
1450,2
17325,8
35406,4
1108,2
32948,2
94585,2
19111,4
30160,2
3870,2
52079,2
95663,2
68601,2
49076,2
62918,2
V1M 2Y2,6
55982,2
29544,6
19122,2
60513,2
80832,2
55781,2
93268,2
20178,2
53726,2
46561,2
46214,12
8322,2
24013,2
45651,2
95203,4
28763,2
97401,8
40205,22
19090,2
2864,2
58640,2
92604,4
93021,2
30346,4
76247,6
33021,8
6820,2
81639,2
62032,2
95755,2
V1H 1B9,2
91003,2
28083,12
22937,2
43604,6
43777,2
31804,2
80910,10
58201,20
24162,2
79363,2
ASK ASK,2
55426,8
62571,2
60630,6
45369,4
63005,4
29330,4
42784,4
30176,2
29669,6
66086,6
50619,2
29206,4
22801,6
61031,6
50316,6
16373,2
28217,10
33576,4
12051,2
56003,2
80809,2
91362,10
14567,2
10514,2
17037,2
48455,2
56368,2
60131,4
95118,6
55425,4
40213,6
61063,4
45714,2
24503,6
30292,2
48708,2
45226,2
T1S 1X8,2
95205,2
17866,2
43014,2
V6G 1W1,2
99344,2
33870,4
84332,2
37146,8
98295,2
27405,10
21042,6
60514,2
83318,6
12356,2
44030,6
46171,6
68347,4
45107,2
80934,2
55069,2
49036,6
89508,2
45405,2
55118,2
79401,6
T6C 2B7,2
62092,2
43162,4
64075,4
40769,6
86304,4
61821,12
91381,2
92544,6
L4E 5A1,2
37409,4
60538,18
16509,4
78850,2
95626,2
29936,2
23457,4
23505,6
74450,2
46962,4
L1R 2M8,2
66012,10
62223,4
28612,10
24343,2
45338,8
77048,2
45415,6
71223,2
61417,2
43522,2
43080,6
L1Z 0L5,2
43331,8
32801,2
85648,4
42081,2
V1X 7P8,2
44707,4
14225,2
64069,2
95428,2
8512,4
18042,6
60482,2
25901,2
L8E 0B5,2
37642,4
7424,2
91351,6
85285,2
98051,4
15501,4
80301,4
87313,2
32776,10
6420,2
99664,2
29470,2
32566,4
405,2
31036,2
T9E 0S8,2
92105,2
33616,4
6371,2
47805,2
21076,4
8820,2
14472,4
72543,2
21917,2
7302,2
85083,6
17361,2
V3B 0C5,2
82633,6
DECLI,2
64077,2
44136,14
64079,6
55017,2
50651,4
95324,2
42003,12
30107,8
76306,4
65233,4
68065,4
80919,10
44132,8
20176,2
8724,2
78029,2
37137,2
48412,2
24201,2
61362,4
50005,2
30510,2
89702,2
7701,4
56528,4
T7X 0C8,2
85264,2
37932,10
95262,2
95121,2
78953,2
33127,2
7054,6
77857,2
78503,2
62550,2
35179,6
40056,2
62685,2
63763,2
24541,4
63101,6
52213,2
97308,2
55071,2
56701,2
54403,4
95953,2
K0M 1N0,2
60135,2
30523,6
46182,2
37411,4
89423,4
85003,6
V8Z 2Y4,2
84735,2
86154,2
3246,4
91030,2
80107,4
37914,4
T9H 1J6,2
60632,2
L4S 1X3,2
26037,4
27763,2
7430,6
21850,2
65591,2
79329,2
55130,6
29585,4
37863,2
62074,2
44667,2
49004,8
10549,4
54889,2
19014,2
92020,8
44859,2
79119,8
L1E 2E9,2
66097,2
63829,2
48461,2
60195,4
20748,2
75756,2
7462,2
75702,6
18059,2
28203,6
6804,8
43315,4
55054,2
77777,4
T3R 2M9,2
97979,2
48075,2
16034,2
18102,8
75424,4
61320,2
55308,4
21784,2
45130,4
32811,4
56364,6
27244,4
30725,2
98589,4
59936,2
16661,2
14534,4
45402,4
79924,4
57243,2
17702,2
62062,2
47710,4
75058,2
95462,2
24209,2
31014,8
43609,6
44302,2
73439,2
55722,2
48367,2
80442,2
77505,4
80230,2
60526,4
61745,2
68041,2
19007,2
68123,18
54759,2
18032,2
81620,2
64150,4
38237,2
85346,2
21849,2
73153,2
62549,4
20841,2
15479,2
38382,2
67005,10
53126,4
37327,4
99044,2
78080,2
86046,2
37332,2
54482,2
62922,2
45345,2
60552,2
6070,2
60436,2
24121,2
10510,2
81302,2
20676,2
76702,2
63023,4
52544,2
53037,2
75410,2
64504,4
57070,2
45171,12
44890,2
48312,8
30531,4
17960,2
56446,2
3070,2
66524,2
46892,2
29556,2
30905,2
27864,2
60118,6
37825,2
73160,4
29418,10
68073,2
46130,6
16506,4
24175,8
32526,2
78415,2
32796,2
21093,4
44436,2
15147,2
18902,6
L1V 9N7,2
55121,4
23141,4
17555,6
19390,2
97023,2
27525,4
19462,2
34117,4
92310,4
44260,2
13815,2
50324,2
30137,2
80624,2
79201,2
60463,6
V1H 1X7,2
61104,2
7922,4
73115,4
89169,2
46163,10
80310,2
53044,2
86429,2
59701C,2
64048,2
85242,4
47809,2
L1K 2S3,2
49285,2
63462,2
30646,2
16038,2
82301,4
95442,2
31788,4
80205,6
50468,2
49127,2
74421,4
2050,4
63363,2
29662,4
49032,2
L2P 1B6,2
45432,8
18942,2
26537,2
28546,10
94608,2
89016,2
50213,4
76449,2
28040,2
98443,2
78703,6
55970,2
76123,2
55340,6
94517,6
74048,2
29920,6
7001,4
85147,4
31308,2
72173,2
91356,2
77591,2
23430,4
28036,12
18302,6
34938,2
21776,2
29404,2
37318,4
66409,2
27950,2
89005,4
38107,2
21640,2
63771,2
81624,2
33967,4
V2W 1W4,2
3102,6
8005,10
72834,4
81090,2
40150,4
T5X 5Y3,2
49445,4
28091,2
27306,2
48207,2
8092,2
72354,2
35175,2
33511,6
63664,4
7066,4
55748,2
95961,4
61802,4
15131,6
92555,2
54527,2
L1H 7V2,2
2762,4
3053,2
75224,6
18510,2
52068,2
16803,2
77076,2
78550,2
44629,2
32787,2
44721,6
47635,2
92211,2
78412,2
72715,8
91344,2
85613,2
61519,2
77651,2
22578,2
53204,8
1852,2
23606,6
62236,6
80536,2
27927,2
85533,2
71241,2
L1S 1M5,2
52356,2
38572,6
20109,2
L7P 3M2,2
32324,2
30185,2
29304,2
94530,2
61270,2
30045,2
45218,2
27217,6
93908,2
T4C 0S7,2
31763,6
30629,2
55726,2
45308,2
99501,2
49343,6
76710,2
57028,2
44022,4
8879,2
1521,2
59072,2
95076,8
44902,2
3861,2
76844,2
97032,6
27541,2
81119,2
43154,2
19312,2
27101,2
40972,2
98122,16
72118,4
55741,4
45403,8
68136,2
53070,4
91010,2
24277,2
55793,2
72058,2
60091,4
55373,2
28207,2
15668,6
49007,2
37743,8
34228,4
6095,8
83612,2
L5N 6X5,4
22968,2
32234,4
23838,10
L1N 9A1,2
29172,4
96732,2
62884,2
6010,2
48750,2
98685,4
86002,2
76634,2
30504,8
41056,10
27045,2
95827,4
15229,8
62255,2
19901,10
35077,6
49303,2
56465,2
56320,4
53179,6
90603,4
60805,6
98107,10
27043,2
43460,2
48131,2
L4G 0C8,2
56727,2
96825,4
85257,6
N3H 2P8,2
T2X 0M9,2
68979,2
80502,4
81124,4
40219,14
33428,6
33831,2
23508,6
37861,8
18040,2
K0L 1E0,2
66666,4
77063,4
6035,2
53086,4
59902,2
33615,4
52571,2
40206,2
60605,4
33024,6
47837,2
40464,2
87008,2
98328,6
25411,2
45433,2
7644,4
47272,4
L9N 1E2,2
T1K 7K5,2
30228,10
34235,4
L7L 6Z5,2
33708,2
27235,8
99652,2
45148,2
84056,2
95627,2
45744,4
34008,2
59866,2
41040,2
7945,4
27983,2
50475,2
33815,2
54015,2
V2W 1L7,2
45309,2
52253,6
56098,2
43201,10
66076,2
86324,4
89115,2
17540,8
T3M 1K6,2
64726,2
83303,2
L5A 1K4,2
28722,2
14609,4
75763,4
44138,2
14206,2
43023,10
34690,6
71115,2
87413,10
30329,2
62535,2
92260,12
27249,6
97058,4
14216,8
T7X 2C9,4
44234,2
44512,12
17560,4
68333,2
89106,2
84059,6
76305,2
91764,2
40162,6
40142,2
7857,2
56328,2
46910,4
60449,6
36266,2
K9J 2B2,2
61489,2
66085,4
18034,4
53056,2
22903,2
56549,4
36866,2
61616,8
72374,2
57555,2
46531,2
93550,2
73568,2
74033,4
27310,6
30055,2
76023,4
34434,2
63650,2
49072,2
61650,2
80817,4
T62 H2H,2
85258,8
2889,6
54009,2
75949,2
V4T 3E2,2
96820,8
72830,2
46740,2
48209,2
60015,10
46791,4
22625,2
56243,2
27051,4
38133,4
52351,4
64465,6
61089,2
80306,6
56332,2
55105,6
37321,2
53114,2
43727,2
44847,2
7058,2
21206,2
30648,2
78151,2
84111,4
17254,2
78833,2
72207,4
53575,6
1718,2
99518,2
T1K 8B3,2
97918,4
81120,6
92393,2
29853,2
27617,10
73154,2
53182,2
91913,4
62530,2
34289,2
53536,4
15632,4
35046,4
34211,4
95333,2
96003,4
55051,8
75218,6
T8B 5HF,2
98903,6
T6K 3C9,4
19541,2
92843,2
54771,2
33703,2
72012,4
61422,6
78721,2
L1E 2X5,2
53570,2
46356,2
33773,4
46016,2
87043,2
23040,2
98340,2
T8N 6Y5,2
L0C 1L0,2
52739,2
24556,2
75803,2
50533,2
35601,10
61760,2
44311,4
8825,2
73119,4
44064,2
43321,2
54466,2
61729,4
L0C 1B0,2
35824,2
50138,2
32064,4
37143,2
T3P 0A3,2
75207,2
8882,2
95351,2
33547,8
2916,2
32934,4
89519,4
59729,2
78208,2
27299,4
55405,2
V3W 8M3,2
64628,2
23325,2
43082,6
72016,2
93232,2
23181,2
64062,6
33446,4
V3A 6E1,2
78650,2
72455,2
43773,2
58105,2
14519,2
16415,4
48097,2
58230,2
43731,2
50012,2
40010,2
8551,6
35476,2
T6W 2K4,4
45767,2
V2E 1V1,4
97801,2
6610,2
67119,2
49117,2
V4A 4X4,2
75060,4
N3R 6W7,2
55342,2
97127,4
67878,2
96822,2
99016,10
89704,4
35083,2
61260,2
21237,2
20653,2
79906,2
87047,2
14210,2
85025,2
85732,2
48015,8
49412,2
33860,6
40215,6
43830,4
45810,2
74023,4
97540,2
8002,6
78504,2
30554,2
85363,2
V2X 7R1,2
40107,4
V9R 7A7,2
54313,4
46938,6
8210,6
77401,2
66611,2
46322,6
92284,10
55705,4
23842,2
89447,2
15610,2
32119,2
83455,2
92120,2
90006,2
84036,2
75454,2
91506,4
77575,4
98951,2
28445,2
T6X 0Y3,2
25438,2
18704,4
52002,2
L9H 5E2,2
61603,4
33918,2
69145,2
45382,2
37385,4
93307,14
85530,2
48002,6
71260,2
94301,2
55009,8
43202,12
19016,2
40311,2
57769,2
32455,2
68003,2
40078,2
27941,2
7662,2
40565,2
40330,6
97317,2
30015,2
57355,2
67578,2
85307,8
75474,4
54021,2
V9W 1R7,4
L8N 2V9,2
90803,4
19311,2
V4C 1Y1,2
36544,2
1451,2
47124,4
39402,2
44074,8
15223,4
89866,2
48876,4
68142,2
16503,4
28160,2
36571,4
19135,2
86303,10
34607,2
65644,2
36853,4
16053,2
18109,2
27508,2
44669,2
L1H 0N0,6
79504,2
75432,2
1475,4
18105,4
93657,2
80903,4
66002,2
37011,2
26416,2
18938,4
66018,6
64755,2
10595,2
17740,4
80926,2
83644,2
27932,4
44904,10
56461,4
98675,2
45417,8
68649,2
7031,2
56573,2
31220,4
97286,2
55723,2
23467,2
43210,2
51534,2
71909,4
34122,2
61951,2
35748,8
47137,4
60660,2
50604,2
91752,6
19540,4
75964,6
26426,2
14559,4
50151,2
49064,2
32163,6
68358,2
14425,4
95685,4
75124,2
56223,2
17563,4
19970,2
88011,2
48809,2
V2V,2
61483,2
79124,2
45157,2
7627,2
8004,2
37621,2
33404,6
56090,4
37217,2
97420,2
48220,12
43025,4
18301,6
49403,2
75229,2
92831,2
30294,2
38544,2
46323,2
76933,2
82717,2
55411,4
60517,4
78202,2
63304,10
81092,2
36370,2
31098,2
23009,2
60106,8
71429,2
90808,2
33186,2
37010,2
28766,2
32601,2
48845,2
98557,2
78026,2
32033,2
26034,2
78726,4
52742,2
T2A 5V8,2
30305,4
83539,2
87116,8
90031,2
L9P 1Z8,2
47371,2
55066,10
80017,2
79706,2
56334,4
55363,6
12180,2
37184,2
64085,2
6492,4
17579,2
42553,2
49450,2
90802,2
94609,2
7977,2
50206,2
77074,2
38028,4
43067,2
25054,2
14301,4
77303,4
76084,2
2061,4
38015,2
57004,4
32169,2
24141,2
83660,2
87524,2
97137,4
53205,2
30349,2
66830,2
8873,2
S4S 3B9,2
38580,2
68152,4
44305,4
54956,4
95746,2
54656,8
38610,2
57262,2
92701,4
79918,6
22079,2
30178,2
33805,4
77377,4
90602,4
19132,2
77066,2
34276,2
44084,2
45661,4
50402,2
15767,2
7432,2
15748,4
27549,2
L6P 2N6,2
76574,4
43812,6
31831,2
61849,2
37722,2
74960,4
78542,4
94606,2
37874,4
46056,2
55354,2
92663,2
53537,2
76537,2
49322,2
35146,4
52052,4
76374,2
28133,4
74053,2
1346,2
32686,2
29655,2
93710,2
69034,4
L2P 2C8,2
33823,2
65231,2
23148,2
7826,2
65667,2
30445,2
78702,2
29446,4
3903,4
92587,4
2048,6
55436,10
L2R 4X3,2
66043,4
37324,4
V3C 1S2,2
88012,2
28513,2
46936,2
49455,2
94306,2
17501,2
21162,4
52318,2
56041,2
31046,4
32878,2
46540,4
62321,2
15732,2
48065,2
95683,2
59735,2
66067,2
21904,4
91377,2
29448,2
25313,2
57551,4
44615,2
93202,2
60044,2
17236,2
45001,2
29902,4
54378,2
49344,2
76690,2
76078,4
18067,2
75440,2
95703,2
66506,2
50001,2
61705,4
73141,4
17505,2
46542,2
18901,8
75901,2
80905,6
55489,2
46932,4
19352,6
43832,4
84629,2
L0M 1B3,2
18229,2
T6T 1Z9,2
21663,2
49068,6
74036,2
33549,2
34207,10
37777,6
1827,2
V4C 3G6,2
30345,2
24333,2
75094,4
58052,2
68739,2
L4S 2S1,2
80466,2
72843,4
33909,4
73130,2
29307,4
32425,4
76050,4
49459,2
94549,2
32909,4
89835,2
62565,2
56339,2
V7A 1J4,4
S4V 3M8,2
76539,2
43756,4
33982,4
52324,4
98241,2
29053,4
63373,2
32083,2
N3R 2W4,2
40609,2
28034,6
46506,2
40702,2
35959,2
37737,4
23047,2
78623,2
30522,2
10591,2
99615,2
77062,2
95008,6
66547,2
27896,8
28690,2
57536,2
46742,2
V9N 8Z5,2
28279,2
97411,2
8559,2
93255,2
52504,2
34480,2
20639,2
44657,6
50000,2
T6W 1M5,2
24095,2
T2Y 3H8,2
33637,4
L3B 2A6,2
59716,2
L1M 0C2,2
49685,2
40906,6
30520,2
17876,4
16866,2
20736,2
31217,2
56288,2
33455,8
58802,2
21045,2
52627,4
32081,4
61875,2
6461,2
73074,2
74525,2
75148,6
83804,2
48009,4
49802,2
6457,4
53503,4
95228,2
40210,4
98672,4
72943,2
29643,2
34236,4
75248,4
61282,2
33614,4
DEC LIN,2
18106,4
57430,2
T2Z 4E5,2
87402,4
49270,4
99403,6
98201,2
96019,2
1609,6
76273,2
61415,2
45363,2
B0H 1M0,2
53012,2
T0K 0M0,2
3229,2
T6K 2H1,2
38310,2
23846,2
68528,2
8691,4
18353,4
48064,4
32833,2
83672,2
37650,2
92551,2
50446,2
55654,2
55321,2
35143,2
44052,8
89138,8
42516,2
76714,2
48612,2
32955,6
61348,2
99611,2
N2K 4J6,4
56093,2
T2J 1Y7,2
T6H 1H8,2
86003,2
55779,2
93215,2
48460,2
65452,2
78416,2
17057,2
64161,2
86025,2
61473,2
28732,4
32561,2
34982,4
29045,4
T5E 0N6,2
L2R 1Y3,2
L1C 5K6,2
79356,2
32221,4
31024,4
85118,2
63369,2
52341,4
8015,2
14272,2
35004,6
35806,6
74066,2
64116,4
32209,2
37701,4
53098,4
54624,6
45167,6
7046,2
49333,8
66429,2
44438,2
48906,2
86325,2
49254,2
79761,2
44140,2
78752,4
L1R 4M4,4
T6X 1H7,2
59923,2
37080,2
91910,4
84029,4
52730,2
17527,4
6385,4
44880,2
37804,6
17038,2
89823,4
50228,2
87540,2
47840,4
62207,2
20002,10
56062,2
T3A 4Y4,2
V4C 1L9,2
80530,2
19804,6
28328,2
99350,2
68845,6
91739,6
33023,2
33592,2
66039,2
75159,4
14724,2
55001,2
75267,2
46165,2
92154,2
23701,8
V3Z 9V2,2
40046,2
74134,4
98360,6
V3Z 2W5,2
23511,4
V1T 7E3,4
53045,6
V9N 8X3,2
44141,8
85034,2
61753,2
55768,2
81003,2
79088,2
54678,2
14504,2
64117,4
64052,4
55398,8
44230,4
37020,2
8859,2
91325,4
28712,4
54245,2
81321,4
94304,2
55918,2
92548,2
T2Z 1M7,2
91020,2
72734,2
61084,2
83213,2
76457,2
26169,4
46126,4
16505,4
99116,2
75342,2
56381,4
T5P 2C4,4
L7T 1J9,2
75501,2
32220,4
18222,2
95327,4
74101,2
V9J 1T9,2
29129,2
36362,2
90068,2
96141,2
43466,2
26505,4
97601,8
43216,2
37902,4
55120,4
2886,2
80044,4
29032,2
46115,2
7821,4
25051,2
7606,2
52778,6
86401,4
19958,2
55409,2
56042,4
49272,2
18812,2
84064,2
22209,2
95650,6
8104,2
27557,2
62018,2
7646,2
35747,2
19454,10
58782,2
73109,4
17350,2
27850,2
74021,2
55940,4
90278,6
91204,2
L7M 4T2,2
48157,2
15637,2
46615,4
22044,2
43410,4
54763,2
19504,2
36877,2
33702,2
54130,6
L4G 4W3,2
45770,2
38343,2
46895,2
42087,2
50029,2
54746,2
37345,4
46180,2
38553,2
V2T 3G1,2
45648,2
17042,4
79901,2
87499,2
73077,2
80863,2
40409,2
47456,2
77871,2
917,4
18847,2
56360,2
46994,4
77058,4
92581,2
7000,2
37342,2
77034,2
65360,2
45832,2
7758,2
56671,2
62525,2
49722,2
58623,2
28650,2
92113,2
37885,2
77865,2
L4A 0L2,2
36312,2
59911,2
42503,4
24136,2
21001,2
T2H 3B5,2
30289,2
80303,8
64137,8
60305,2
32309,2
75180,2
46781,2
2664,2
47143,2
V9C 3X5,2
75244,2
40516,4
30530,4
28716,2
34731,2
32050,2
53950,2
30153,6
6790,2
91601,2
43116,2
29384,2
62286,4
32937,2
55941,2
67151,2
1510,4
T8A 3K2,2
6518,2
32145,6
16150,4
95334,2
7081,4
61755,2
51601,4
55322,2
L1E 0L0,2
T9E 4P3,2
55794,2
88401,2
8201,2
59752,2
56572,2
63703,2
94588,6
55052,2
27054,2
64449,4
DEC LIN3,2
37032,2
3856,2
90706,4
76681,2
32205,4
28786,2
L1H 4K2,2
45146,2
45873,2
K9J 5A9,2
40068,4
32327,2
17953,2
23663,2
49629,2
19530,2
40456,2
66509,2
79765,2
33467,2
85925,2
76031,2
V0E 1B7,2
55709,2
27563,2
15370,2
95316,2
37049,4
39988,2
1092,2
44864,4
30655,2
11420,2
63138,2
46403,2
45304,2
46733,2
N2B 3R8,2
61273,4
1050,2
76022,2
86005,4
41031,4
52328,2
47280,2
37351,2
21783,2
61458,2
52401,2
68779,2
TC7 5A6,2
84537,2
56143,2
44278,2
3830,2
84783,2
30622,2
77551,2
22553,4
8251,2
43516,2
7071,2
30563,2
45872,2
1851,2
91942,6
49854,2
92683,2
74966,2
47885,2
56580,2
24361,2
62363,2
74736,4
19061,2
17059,2
L1K 0N4,2
62917,2
84620,2
19611,2
59063,2
T3R 0V6,2
66101,6
47967,2
49534,4
44412,2
50122,2
66540,2
P1L 1W8,2
37615,2
7422,2
33509,2
4210,4
11104,2
61440,2
75491,4
92104,2
93728,2
49858,2
30317,2
80545,2
14304,4
3840,2
47842,6
8872,2
30557,2
91324,2
33609,2
K9H 1M1,2
65656,2
555 555,6
66104,6
81631,2
22980,6
8069,2
72103,2
34677,2
67010,8
47923,2
94952,2
19056,2
46071,4
66020,2
1950,2
60623,2
48825,4
87034,2
29353,2
44286,2
50035,6
80452,2
33709,2
51016,2
L6A 2J5,2
39828,4
22192,2
81629,2
2341,2
52205,2
T4C 0S8,4
77808,4
75161,4
68485,2
37846,2
77418,4
1469,2
68801,4
V3W 2L2,2
V2X 0N6,2
43320,2
55952,2
44050,2
47141,4
61540,2
53504,2
18330,2
46501,2
49649,2
43019,2
95946,2
48820,8
33327,2
65622,2
92126,4
12083,2
8008,2
1519,2
L6R 0E5,2
14517,2
45764,2
L1E 3J7,2
59711,6
59632,2
83869,2
84652,2
28390,4
68366,4
32217,2
82240,2
40962,2
35646,2
31784,2
37047,2
49073,2
48418,2
76043,2
15423,2
54847,2
48746,2
24614,2
57033,2
T2W 4H3,2
30106,8
16365,2
32839,2
24340,4
V8Z 7B9,2
31808,4
19351,2
35952,4
56435,2
30733,2
58270,2
27009,2
48895,2
24588,2
80540,4
16142,4
56087,4
97376,2
33957,2
49435,4
95341,2
60531,2
73145,2
28320,2
66610,6
44044,2
90265,2
41033,2
76118,2
V3W 0J6,2
31771,4
81062,2
44903,6
6105,2
15846,2
43127,2
1302,2
19533,2
28090,2
41063,2
42122,2
32168,2
92365,2
46619,2
37041,2
43518,2
75701,4
V4P 2B7,2
32322,2
56214,4
65652,2
22102,4
L7P 4L2,2
35741,2
35202,2
40033,4
20269,2
3420,4
62454,2
47273,2
23502,4
28137,6
97627,2
28753,4
45123,2
69334,2
32563,2
6073,2
89101,4
59648,2
68372,2
68113,2
68138,8
44076,4
L1C 2J6,2
77389,4
58257,4
63787,2
59022,2
N2B 3B4,2
77023,2
18017,2
63013,2
30183,4
34681,2
22463,2
2703,2
76528,2
45742,2
52540,2
28018,2
47326,2
L5M 0N6,2
L1G 6T7,2
17842,2
30171,2
49327,2
46301,2
76524,2
43203,4
49457,2
8740,2
95633,2
60521,2
48164,2
85001,2
19152,2
T9A 8G1,4
L6M 3L7,2
19501,2
27608,4
62982,2
L4G 2V1,2
80701,2
42749,2
35057,2
44813,4
50313,2
44085,2
41314,2
41064,2
55390,2
75961,2
63764,2
15071,4
52315,2
73044,2
56734,2
92504,2
25422,2
53703,6
53074,4
49057,4
6111,2
42544,2
48160,2
86203,2
47874,2
62881,2
L6M 4V8,2
2379,2
34604,2
V8B 0A5,2
14213,4
53529,2
77042,2
1905,2
61322,2
15009,2
56318,2
76259,2
2860,4
98266,4
30122,2
27601,2
17554,2
60418,4
66854,2
T2M 4Z5,2
17856,2
69301,2
33782,6
63353,4
32713,4
46051,2
60464,4
77484,4
91304,4
L1R 3E1,2
7930,4
28539,4
46346,2
94541,2
59411,2
46120,2
28638,2
49245,2
54822,2
43319,2
25082,2
31778,2
53813,2
47949,2
66106,4
46040,4
45690,8
52658,2
28174,4
48128,2
15089,2
49637,2
34129,2
55320,4
L6Y 0Y4,2
97024,2
30666,2
76155,4
53403,6
84532,2
44680,2
80246,4
47993,2
64648,2
46613,2
L6A 1N1,2
26636,2
78268,2
44608,2
37306,2
46111,2
87108,8
84192,2
94552,2
2644,2
61071,4
44633,2
93705,2
V4M 3N3,2
63624,2
38340,4
55353,2
76567,2
74864,2
73114,2
8901,2
79607,2
37840,4
98930,2
29151,2
76044,4
27007,2
43413,2
8853,4
83328,2
24224,2
65631,2
55074,2
T2X 0M8,2
85656,2
44675,2
46150,2
70006,2
64146,2
91773,2
98409,6
76301,2
57235,2
V7M 3C8,2
35051,2
55410,4
84337,2
60155,4
28435,2
K9J 3R1,2
59047,4
14032,2
10950,2
41655,2
30566,2
17363,4
V2X 1J6,2
61462,2
37463,2
19979,2
92845,2
73636,2
76633,2
75020,2
L6M 4W3,2
84318,2
15222,2
61619,2
76701,2
24244,6
3037,2
92832,2
95830,2
1075,2
T3A6H7,2
37148,4
V4K 2Y9,2
97116,6
37197,2
L8B 0H9,2
61342,2
54761,2
92703,2
65542,2
46550,4
42276,2
55043,4
78027,2
90274,2
7719,4
98112,2
52073,2
2189,2
L3T 5E3,2
46794,2
53042,2
46556,2
61535,2
45234,2
8801,2
85755,2
79331,2
99326,2
64109,2
95206,2
23233,2
62895,2
48451,2
19027,2
29123,2
49267,4
L5J 4J7,2
32643,2
L0B 1B0,2
75057,2
98383,4
92107,2
49420,2
8734,2
76073,2
11228,2
21084,2
75439,2
T2X 0V8,2
T2W 1J2,2
60471,2
V4C 6C9,2
60301,2
66040,2
33617,2
83626,2
72745,2
55655,2
L7P 2B2,2
L1R 2K7,2
28454,2
46721,2
27863,2
99687,4
33974,2
23103,2
34461,2
63108,2
98568,2
33473,2
40943,2
29847,2
72443,2
48721,2
L1G 1R8,2
54629,2
63113,2
42058,4
31422,2
4743,2
11510,2
T5X 4M1,2
40050,2
V0E 2G0,2
47546,2
48221,2
75755,2
76014,4
67349,2
62682,2
32774,2
78754,4
L4J 7T4,2
40011,2
67474,2
52322,2
36271,2
65754,2
53557,2
46148,2
49451,2
46371,2
22542,2
98591,2
L6Y 0N4,2
93250,2
90805,4
V7C 2W9,2
43542,2
48127,2
92264,2
35490,2
33598,2
71961,2
87581,2
18018,2
7417,2
26361,2
60991,4
75043,4
16613,2
65619,2
L8K 2R5,2
90201,2
95501,2
75226,2
33408,2
18434,4
V3W 5H2,2
85361,2
62206,2
62540,2
7844,2
14211,2
L0S 1C0,2
N2J 4H4,2
L6A 3N4,2
56245,2
V3W 0L9,2
51023,2
51453,2
24737,2
32735,2
98239,6
19365,2
95386,2
45652,2
60481,2
60041,4
95257,2
78374,2
54873,2
44481,2
75757,4
34471,2
45788,2
27830,2
45204,2
45347,2
40008,2
62949,2
28531,2
47175,2
1863,2
62048,2
47307,2
32405,2
75203,2
52076,2
59801,6
52241,2
95018,2
15658,4
24523,2
78220,2
54658,2
L9T 5L2,2
19555,2
83313,2
90032,2
47041,4
16870,2
63630,2
97217,4
43719,2
V3E 2W8,2
52224,2
79930,2
39897,2
L1K 2E9,2
83799,2
63132,2
T6M 0R8,2
44730,2
55053,2
23662,2
48226,2
60020,2
50248,2
93924,2
43971,2
6525,2
53023,2
7960,2
75966,2
T3H 0V5,2
20111,4
61353,2
27317,6
75205,2
55382,2
75965,2
92315,2
98031,2
35634,2
93451,2
1062,4
76207,4
75236,2
75670,2
65020,2
97624,2
77471,2
67789,2
50312,2
3109,2
66440,2
N2P 0C9,2
20607,2
30752,2
90098,2
46711,4
98467,2
32134,2
29479,4
73010,2
45874,2
15620,2
72634,2
32277,2
54235,8
67053,2
66549,2
99021,2
60613,2
93390,2
83706,2
2673,2
10016,2
21074,2
56291,2
64747,2
43804,4
78619,2
51025,2
32176,2
32054,2
32902,2
92021,2
60518,2
49329,2
M9C 4M7,2
77454,2
70362,2
8501,2
18955,2
34134,2
33496,2
7442,2
T2J 6X6,2
31807,2
56010,2
31023,2
65336,2
31639,2
62056,2
15631,2
36005,2
51556,2
53956,2
33401,2
33907,2
95258,2
35091,2
17830,2
63037,2
T2Z 3C4,2
99915,2
43450,2
75758,2
55046,2
58240,2
87004,2
41164,2
L6K 1Y1,2
28432,2
7512,2
44048,2
35117,2
62330,2
8904,2
65151,2
29569,2
95054,2
49071,2
32266,2
31032,2
95917,2
43973,2
54474,2
85253,2
47167,2
78024,2
34956,2
74114,2
45220,4
7480,4
19030,2
29364,2
19968,2
62675,2
77043,2
7980,2
30173,2
39840,2
7746,2
75051,2
93257,2
65605,2
60609,2
12302,2
66402,2
33336,2
24053,2
36203,2
66219,8
32927,2
27571,4
60403,4
98081,2
97865,2
18087,2
56547,2
L7M 0L9,2
54840,2
97489,4
60626,2
63736,2
33486,2
72956,2
80218,6
98240,4
54136,2
68460,2
8030,2
80477,2
84055,2
78626,2
52654,2
17020,2
K9J 9N2,2
68066,4
65465,2
61937,2
98276,2
94515,2
19707,2
61526,2
42262,2
98541,4
78204,2
37779,2
34105,2
40935,2
62320,2
18977,2
T2L,2
55732,2
29451,2
41092,2
VVV VVV,2
28134,2
62946,2
L4K 5J6,2
73117,2
60557,2
6078,2
74119,2
V3N 3H8,2
50459,2
15226,2
85246,2
L3P 3J3,2
47902,2
5555,2
17754,2
92833,2
48732,2
T8N 3B5,2
95693,4
25159,2
49404,2
54853,2
53065,2
37068,2
78735,2
55431,4
L2P 3M6,2
8071,2
40729,4
54849,2
V1T 7M2,2
93437,2
61469,2
44427,2
87410,2
T5Y 3T1,2
30662,2
33462,2
56078,2
29945,2
N1E 3T5,2
L6E 1Z5,2
85928,2
64051,2
24036,2
67546,2
92242,2
7848,2
50456,2
43805,2
49021,2
47165,2
80465,2
51548,2
L4X 1A7,2
91741,2
45858,2
79521,2
43126,2
68157,2
77336,2
66006,2
77801,2
76258,2
33604,2
P0V 3B0,2
V3S 0Z2,2
38462,2
60169,4
1772,2
45662,2
T2A 0W5,2
33952,2
92234,2
27607,2
49128,2
T5A 4K8,2
37302,2
38257,2
22153,2
T4X 1A8,2
60555,2
65747,2
90046,2
L1G 9N9,2
62080,2
56362,2
8007,2
V2Y 0L7,2
65738,2
35441,2
2536,2
92086,2
1862,2
85135,2
86514,2
66025,2
44889,2
35553,2
89512,2
94305,2
56069,2
77586,2
27958,2
73016,2
38673,2
78756,2
55959,2
54856,2
47427,2
6897,2
T6W 4J1,2
16749,2
23117,2
36265,2
32732,4
24055,2
64831,2
44105,2
22802,2
N0B 1P0,2
3882,2
49092,2
55920,2
64070,2
56479,2
46777,2
98612,2
92519,2
36604,4
32206,2
71914,2
T3M 2W2,2
37330,2
65025,2
64644,2
63056,2
35951,2
46779,2
69123,2
56239,2
41059,2
23661,2
91364,2
49037,2
T2V 2V6,2
23221,2
67067,2
L8H 2K4,2
82060,2
74859,2
83653,2
75428,2
V3A,2
24221,2
98831,2
85130,2
43964,2
19733,2
21853,2
75001,4
90814,2
8863,2
49460,2
61536,2
47452,2
45071,2
8730,2
43217,4
76487,2
T6R 0P1,2
V3V 6Y3,2
28310,2
53515,2
43234,2
27880,4
95726,2
2748,2
27948,2
T8N 2E1,2
78,2
44866,2
81220,2
27234,2
78315,2
44128,2
54101,2
49319,2
40145,2
45775,4
93619,2
14092,2
24504,4
78361,2
61051,2
88310,2
7933,2
32009,2
61432,2
99701,2
98424,2
84339,4
81615,2
15030,2
46349,2
59719,2
77093,2
90710,2
47725,2
32827,2
T2K 1H6,2
45280,2
32697,2
6479,2
36330,2
79316,2
84022,2
31516,2
2081,2
43843,2
28384,2
T6R 0C8,2
65816,2
44287,2
20783,2
86406,2
92410,2
35176,2
8535,2
36551,2
15027,2
61047,4
62816,2
52216,2
24251,2
46072,2
32114,2
L9S 2J8,2
35205,2
T2Y 3W9,2
34705,2
84104,2
V3G 1M2,2
42236,2
73048,2
67637,2
21044,4
37061,2
L0L 1T0,2
67101,2
62951,2
95306,2
98826,2
30303,2
43086,2
78657,2
18210,2
5477,2
S4A 2R2,2
67835,2
46327,2
53122,2
92708,4
L1E 2A7,2
58045,2
75082,2
33573,2
37764,2
90042,2
38556,2
30543,2
33621,2
59759,2
33896,2
T3M 0H8,2
77456,2
90680,2
78124,2
79248,2
62814,2
11530,2
27505,2
61054,2
27812,2
80801,2
37138,2
55992,4
93117,2
94574,2
93405,2
50321,2
61465,2
47338,2
80535,2
16028,2
46121,2
26508,2
23072,2
7869,2
48848,2
97238,2
16666,2
L1Y 1A4,2
48341,2
60603,2
T3H 5V1,2
45766,2
L9R 1V1,2
27050,2
38488,2
33825,2
49701,2
24631,2
29729,2
57020,2
59501,2
77057,2
T3N 0J2,2
67216,2
68028,4
L4N 7P3,2
16116,2
30313,2
V9N 8Y9,2
30916,2
12065,2
95066,2
61531,2
24450,2
52060,2
61725,2
62940,2
93436,2
L4L 2K9,2
92672,2
98144,4
30521,2
47977,2
L3C 5B9,2
57048,2
92404,2
14485,2
37879,2
76431,2
68118,2
49282,2
48228,2
N2K 7G7,2
52348,2
78599,2
15037,2
32656,2
81141,2
V9N 7N3,2
94595,2
41472,2
3256,2
53521,2
52776,2
48201,2
36353,2
35665,2
46392,2
54801,2
26033,2
27017,2
59427,2
28972,2
36322,2
37074,2
51575,2
58237,2
56666,2
L1J 4A5,2
7604,2
21053,2
T3A 5T5,2
945,2
T9E 8L9,2
L9P 1K8,2
77255,2
45323,2
76015,2
87013,2
V5C 4V9,2
74363,2
27569,2
73075,2
28076,2
23102,2
98372,2
44621,2
78410,2
79562,2
62563,2
63019,2
15468,4
78516,2
92502,2
84905,2
68776,2
15765,2
64097,2
48867,2
18949,2
32926,2
84017,2
45645,2
12019,2
74584,2
15212,2
T2X 3J8,2
92355,2
85708,2
30310,2
95020,2
67230,2
76503,2
64129,2
36502,2
18610,2
55787,2
15425,2
99521,2
25404,2
1073,2
V3Y 1Y3,2
21861,2
31547,4
84071,2
73701,2
31535,2
55703,2
72212,2
41022,2
L4G 7Y1,2
21912,2
77842,2
T6W 1A2,2
42130,2
19021,2
48415,2
T3M 1N5,2
62694,2
L6E 2G5,2
15042,2
V9B 0W1,2
42320,2
7,2
66069,2
23324,2
87117,2
76239,2
62232,2
95619,2
35801,2
72396,2
65755,2
38558,2
44676,2
1588,2
19036,2
76912,2
32963,4
66220,2
83868,2
47387,2
31321,2
2301,2
68108,2
81521,2
15063,2
71118,2
31208,2
30205,2
29572,2
8343,2
83333,2
55310,2
40228,2
37828,2
56359,2
40118,2
68069,2
28784,2
51443,2
91303,2
76444,2
50669,2
93453,2
80902,2
42716,2
60071,2
L1H 0L1,2
92397,2
16508,2
31020,2
1030,2
61833,2
97392,2
83825,2
52749,2
37690,2
49688,2
96024,2
35580,2
74881,2
77032,2
53178,2
32823,2
7734,2
79370,2
24266,2
76801,2
49287,2
31126,2
83257,2
L7M 5C2,2
4312-,2
L7M 1V6,2
77301,2
91755,2
75778,2
T5R 2W1,2
16249,2
85017,2
28678,2
L4H 3L9,2
78656,2
87528,2
15144,2
64445,2
33025,2
T4X 1H3,2
11752,2
26554,2
76127,2
35956,2
53964,2
54302,2
55103,2
98166,2
33415,2
92130,2
13786,2
81612,2
15061,2
V2P 6Z4,2
62548,2
77399,2
53934,2
7052,2
27013,2
91909,2
28610,2
54974,2
16141,2
30124,2
60130,2
44504,2
75783,2
L1T 4E1,2
7009,2
5001,2
50120,2
38075,2
L1C 0K4,2
45846,2
53097,2
77091,2
V3R 5T7,2
27260,2
43222,2
50124,2
85337,2
1364,2
2421,2
56544,2
72122,2
30642,2
70810,2
92637,2
T2B 1R4,2
61370,2
90232,2
32136,2
99111,2
T6X 0M1,2
89110,2
71646,2
45121,2
43521,2
V3W 9J2,2
32235,2
37824,2
95817,2
18252,2
T1K0V0,2
45162,2
43953,2
37754,2
80547,2
98598,2
L2V 2W6,2
30170,2
80604,2
54758,2
1434,2
5468,2
15824,2
95372,2
58538,2
27401,2
82201,2
T2R 0K6,2
61095,2
91789,2
29161,2
96786,2
85756,2
55019,2
77006,2
18466,2
49224,2
24441,2
L1R 1G7,2
30038,2
15046,2
34284,2
50314,2
92610,2
94116,2
7023,2
67543,2
53002,2
20011,2
18446,2
53946,2
71929,2
57026,2
12820,2
65806,2
97144,2
65101,2
49422,2
50235,2
76692,2
16057,2
63349,2
47355,2
21851,2
38068,2
8059,2
93111,2
V9S 5J8,2
2338,2
83856,2
8846,2
32935,2
T4X 1E2,2
75707,2
75417,2